JA3;JA3S;SNI;APP
26ce8ac42d61ce58f5cd539fb79d41b1;eb1d94daa7e0344597e756a1fb6e7054;dl.discordapp.net;discord
26ce8ac42d61ce58f5cd539fb79d41b1;eb1d94daa7e0344597e756a1fb6e7054;discord.com;discord
26ce8ac42d61ce58f5cd539fb79d41b1;eb1d94daa7e0344597e756a1fb6e7054;discord.com;discord
26ce8ac42d61ce58f5cd539fb79d41b1;eb1d94daa7e0344597e756a1fb6e7054;gateway.discord.gg;discord
3a6e6735bc423c7c3ba06bc609e05d00;eb1d94daa7e0344597e756a1fb6e7054;cdn.discordapp.com;discord
3a6e6735bc423c7c3ba06bc609e05d00;eb1d94daa7e0344597e756a1fb6e7054;cdn.discordapp.com;discord
3a6e6735bc423c7c3ba06bc609e05d00;eb1d94daa7e0344597e756a1fb6e7054;cdn.discordapp.com;discord
3a6e6735bc423c7c3ba06bc609e05d00;eb1d94daa7e0344597e756a1fb6e7054;images-ext-2.discordapp.net;discord
26ce8ac42d61ce58f5cd539fb79d41b1;f4febc55ea12b31ae17cfb7e614afda8;gql.twitch.tv;twitch
26ce8ac42d61ce58f5cd539fb79d41b1;f4febc55ea12b31ae17cfb7e614afda8;gql.twitch.tv;twitch
26ce8ac42d61ce58f5cd539fb79d41b1;f4febc55ea12b31ae17cfb7e614afda8;gql.twitch.tv;twitch
26ce8ac42d61ce58f5cd539fb79d41b1;eb1d94daa7e0344597e756a1fb6e7054;firebase-settings.crashlytics.com;unknown
26ce8ac42d61ce58f5cd539fb79d41b1;f4febc55ea12b31ae17cfb7e614afda8;gql.twitch.tv;twitch
26ce8ac42d61ce58f5cd539fb79d41b1;f4febc55ea12b31ae17cfb7e614afda8;gql.twitch.tv;twitch
ab34b91cb1a47de756d5fe2e565850e2;fcb2d4d0991292272fcb1e464eedfd43;gql.twitch.tv;twitch
26ce8ac42d61ce58f5cd539fb79d41b1;20c4fa904f1b77fd5e65084838cdfb5a;video-edge-ead974.pdx01.abs.hls.ttvnw.net;twitch
26ce8ac42d61ce58f5cd539fb79d41b1;f4febc55ea12b31ae17cfb7e614afda8;static.twitchcdn.net;twitch
ab34b91cb1a47de756d5fe2e565850e2;fcb2d4d0991292272fcb1e464eedfd43;gql.twitch.tv;twitch
3d9a16cdc1b2a98f6046af1c833054b8;70745099b394fe3f42264227c098cc98;pubsub-edge.twitch.tv;twitch
26ce8ac42d61ce58f5cd539fb79d41b1;f4febc55ea12b31ae17cfb7e614afda8;static-cdn.jtvnw.net;unknown
26ce8ac42d61ce58f5cd539fb79d41b1;f4febc55ea12b31ae17cfb7e614afda8;static-cdn.jtvnw.net;unknown
26ce8ac42d61ce58f5cd539fb79d41b1;f4febc55ea12b31ae17cfb7e614afda8;static-cdn.jtvnw.net;unknown
26ce8ac42d61ce58f5cd539fb79d41b1;f4febc55ea12b31ae17cfb7e614afda8;static-cdn.jtvnw.net;unknown
26ce8ac42d61ce58f5cd539fb79d41b1;f4febc55ea12b31ae17cfb7e614afda8;static-cdn.jtvnw.net;unknown
193c522402283ed9e84b8bb38137829f;3589acf0c85c607d87bcab1a7e1c7ca3;firebaseremoteconfig.googleapis.com;unknown
193c522402283ed9e84b8bb38137829f;f0f641a8d49020d5e5e5eb1f7be9166f;ddacn6pr5v0tl.cloudfront.net;unknown
26ce8ac42d61ce58f5cd539fb79d41b1;20c4fa904f1b77fd5e65084838cdfb5a;video-edge-3282a7.pdx01.abs.hls.ttvnw.net;unknown
193c522402283ed9e84b8bb38137829f;20c4fa904f1b77fd5e65084838cdfb5a;cognito-identity.us-east-1.amazonaws.com;unknown
3d9a16cdc1b2a98f6046af1c833054b8;70745099b394fe3f42264227c098cc98;pubsub-edge.twitch.tv;twitch
193c522402283ed9e84b8bb38137829f;03032be98e68a3e10c63642567e4f55a;s.amazon-adsystem.com;unknown
26ce8ac42d61ce58f5cd539fb79d41b1;20c4fa904f1b77fd5e65084838cdfb5a;video-edge-3282a7.pdx01.abs.hls.ttvnw.net;unknown
26ce8ac42d61ce58f5cd539fb79d41b1;a218bea95e79bb5b882e92b8a82d26c6;usher.ttvnw.net;twitch
26ce8ac42d61ce58f5cd539fb79d41b1;f4febc55ea12b31ae17cfb7e614afda8;api.twitch.tv;twitch
26ce8ac42d61ce58f5cd539fb79d41b1;f4febc55ea12b31ae17cfb7e614afda8;api.twitch.tv;twitch
193c522402283ed9e84b8bb38137829f;97da4430447d2f20313f4c2c4241a6ca;pinpoint.us-east-1.amazonaws.com;unknown
193c522402283ed9e84b8bb38137829f;97da4430447d2f20313f4c2c4241a6ca;pinpoint.us-east-1.amazonaws.com;unknown
3d9a16cdc1b2a98f6046af1c833054b8;70745099b394fe3f42264227c098cc98;irc-ws.chat.twitch.tv;twitch
0529055d554c9da011b745452211c296;a218bea95e79bb5b882e92b8a82d26c6;video-weaver.mrs01.hls.ttvnw.net;unknown
0529055d554c9da011b745452211c296;5f4fc3d0b4324bf7241391c14aefb248;video-edge-748374.prg02.abs.hls.ttvnw.net;unknown
193c522402283ed9e84b8bb38137829f;63e52bc7fad2412bc978cba20c311190;twitch.prod.entry.video-ads.a2z.com;twitch
193c522402283ed9e84b8bb38137829f;b2b955ef4f28a8a1f0ee23f3989e1d59;search.spotxchange.com;unknown
193c522402283ed9e84b8bb38137829f;03032be98e68a3e10c63642567e4f55a;aax-eu.amazon-adsystem.com;unknown
83c2a7c7f977a238241c32ea5b38467d;174e7e4992a63f6d419626d97363adb8;video-weaver.mrs01.hls.ttvnw.net;unknown
26ce8ac42d61ce58f5cd539fb79d41b1;eb1d94daa7e0344597e756a1fb6e7054;firebase-settings.crashlytics.com;unknown
26ce8ac42d61ce58f5cd539fb79d41b1;20c4fa904f1b77fd5e65084838cdfb5a;api.twitter.com;twitter
26ce8ac42d61ce58f5cd539fb79d41b1;20c4fa904f1b77fd5e65084838cdfb5a;api.twitter.com;twitter
26ce8ac42d61ce58f5cd539fb79d41b1;182b31efa088c7665b13d7d04d80fef0;api.twitter.com;twitter
26ce8ac42d61ce58f5cd539fb79d41b1;20c4fa904f1b77fd5e65084838cdfb5a;api.twitter.com;twitter
26ce8ac42d61ce58f5cd539fb79d41b1;20c4fa904f1b77fd5e65084838cdfb5a;api.twitter.com;twitter
26ce8ac42d61ce58f5cd539fb79d41b1;20c4fa904f1b77fd5e65084838cdfb5a;api.twitter.com;twitter
26ce8ac42d61ce58f5cd539fb79d41b1;15af977ce25de452b96affa2addb1036;pbs.twimg.com;twitter
26ce8ac42d61ce58f5cd539fb79d41b1;182b31efa088c7665b13d7d04d80fef0;api-stream.twitter.com;unknown
0f8268974e233b0b84648508720bfa5c;eb1d94daa7e0344597e756a1fb6e7054;accounts.google.com;unknown
b4d778dd628337375a88fc1073a51d9f;182b31efa088c7665b13d7d04d80fef0;t.co;unknown
a260116d928cb72d3af5adc1bc1b6518;20c4fa904f1b77fd5e65084838cdfb5a;t.co;unknown
ae5de4ec700f5bd7a6892ea675953c4c;05c6c275b10b37e3d5561f48e80d659c;www.elastic.co;unknown
dc4dbd8dc1ed06eecf4d2e669ef6efd2;05c6c275b10b37e3d5561f48e80d659c;www.elastic.co;unknown
26ce8ac42d61ce58f5cd539fb79d41b1;20c4fa904f1b77fd5e65084838cdfb5a;api-0-4-0.twitter.com;unknown
26ce8ac42d61ce58f5cd539fb79d41b1;20c4fa904f1b77fd5e65084838cdfb5a;probe.twitter.com;twitter
26ce8ac42d61ce58f5cd539fb79d41b1;15af977ce25de452b96affa2addb1036;video.twimg.com;twitter
26ce8ac42d61ce58f5cd539fb79d41b1;20c4fa904f1b77fd5e65084838cdfb5a;api-30-0-0.twitter.com;unknown
26ce8ac42d61ce58f5cd539fb79d41b1;20c4fa904f1b77fd5e65084838cdfb5a;api-0-4-3.twitter.com;twitter
26ce8ac42d61ce58f5cd539fb79d41b1;20c4fa904f1b77fd5e65084838cdfb5a;api-3-0-0.twitter.com;unknown
26ce8ac42d61ce58f5cd539fb79d41b1;20c4fa904f1b77fd5e65084838cdfb5a;api-28-0-0.twitter.com;unknown
26ce8ac42d61ce58f5cd539fb79d41b1;20c4fa904f1b77fd5e65084838cdfb5a;api-0-4-6.twitter.com;twitter
3a6e6735bc423c7c3ba06bc609e05d00;eb1d94daa7e0344597e756a1fb6e7054;sessions.bugsnag.com;unknown
f768b46fe06f12e879da9511fa3041c6;eb1d94daa7e0344597e756a1fb6e7054;android-h2.prod.ftl.netflix.com;unknown
59bd25fc4f4f77a73778e09c2a4d85ac;eb1d94daa7e0344597e756a1fb6e7054;android.prod.cloud.netflix.com;netflix
1dfd5869ffeef348432c693c1ba94095;70745099b394fe3f42264227c098cc98;android-appboot.netflix.com;unknown
47f35e53d1a53b7b30fb550f7c7fd1d3;70745099b394fe3f42264227c098cc98;android-appboot.netflix.com;unknown
193c522402283ed9e84b8bb38137829f;3589acf0c85c607d87bcab1a7e1c7ca3;www.googleapis.com;unknown
47f35e53d1a53b7b30fb550f7c7fd1d3;f4febc55ea12b31ae17cfb7e614afda8;occ-0-1490-1489.1.nflxso.net;netflix
90681500ef3c6d66c4900f6274c53538;f4febc55ea12b31ae17cfb7e614afda8;ipv4-c038-vie001-ix.1.oca.nflxvideo.net;unknown
22fe7fd9b23471c0225f329727b87003;f4febc55ea12b31ae17cfb7e614afda8;ipv4-c027-vie001-ix.1.oca.nflxvideo.net;unknown
c26f1c6c8a8bda47c40bf31f469e6950;f4febc55ea12b31ae17cfb7e614afda8;ipv4-c028-vie001-ix.1.oca.nflxvideo.net;unknown
c75beda36b9929de739f513c37c24b8a;fcb2d4d0991292272fcb1e464eedfd43;ipv4-c028-vie001-ix.1.oca.nflxvideo.net;unknown
a06c7822fe28e49de1a68b898df9fe16;fcb2d4d0991292272fcb1e464eedfd43;occ-0-1490-1489.1.nflxso.net;unknown
90681500ef3c6d66c4900f6274c53538;f4febc55ea12b31ae17cfb7e614afda8;ipv4-c044-vie001-ix.1.oca.nflxvideo.net;unknown
ff6c7ad097b7affbcc73855fa7a9afbc;f4febc55ea12b31ae17cfb7e614afda8;ipv4-c044-vie001-ix.1.oca.nflxvideo.net;unknown
c1cf83ac1b475c457d5a33bce028917c;f4febc55ea12b31ae17cfb7e614afda8;ipv4-c044-vie001-ix.1.oca.nflxvideo.net;unknown
f9376e8ecde726ac5adbe877ee5a6794;f4febc55ea12b31ae17cfb7e614afda8;ipv4-c076-fra002-ix.1.oca.nflxvideo.net;unknown
47f35e53d1a53b7b30fb550f7c7fd1d3;f4febc55ea12b31ae17cfb7e614afda8;ipv4-c007-fra002-ix.1.oca.nflxvideo.net;unknown
1b8f91d28acc6a1855a892ae66ea0858;f4febc55ea12b31ae17cfb7e614afda8;ipv4-c076-fra002-ix.1.oca.nflxvideo.net;unknown
351a6915dfcbb799069dd55312725a0c;040e57cd679445d961adbb68d4f9873c;realtime.www.linkedin.com;unknown
2d57fb59c3109915b0e6ae4f8bebb0d8;15af977ce25de452b96affa2addb1036;media-exp1.licdn.com;unknown
9b65958236eb02e604d3d9f783df94a1;eb1d94daa7e0344597e756a1fb6e7054;update.googleapis.com;unknown
2d57fb59c3109915b0e6ae4f8bebb0d8;eb1d94daa7e0344597e756a1fb6e7054;storage.googleapis.com;unknown
26ce8ac42d61ce58f5cd539fb79d41b1;05c6c275b10b37e3d5561f48e80d659c;accounts.reddit.com;reddit
3a6e6735bc423c7c3ba06bc609e05d00;eb1d94daa7e0344597e756a1fb6e7054;firebaseremoteconfig.googleapis.com;unknown
3a6e6735bc423c7c3ba06bc609e05d00;f4febc55ea12b31ae17cfb7e614afda8;launches.appsflyer.com;unknown
3a6e6735bc423c7c3ba06bc609e05d00;f4febc55ea12b31ae17cfb7e614afda8;inapps.appsflyer.com;unknown
26ce8ac42d61ce58f5cd539fb79d41b1;05c6c275b10b37e3d5561f48e80d659c;www.redditstatic.com;reddit
26ce8ac42d61ce58f5cd539fb79d41b1;05c6c275b10b37e3d5561f48e80d659c;external-preview.redd.it;reddit
26ce8ac42d61ce58f5cd539fb79d41b1;05c6c275b10b37e3d5561f48e80d659c;preview.redd.it;reddit
26ce8ac42d61ce58f5cd539fb79d41b1;05c6c275b10b37e3d5561f48e80d659c;i.redd.it;unknown
26ce8ac42d61ce58f5cd539fb79d41b1;05c6c275b10b37e3d5561f48e80d659c;preview.redd.it;reddit
26ce8ac42d61ce58f5cd539fb79d41b1;05c6c275b10b37e3d5561f48e80d659c;external-preview.redd.it;reddit
26ce8ac42d61ce58f5cd539fb79d41b1;05c6c275b10b37e3d5561f48e80d659c;external-preview.redd.it;reddit
26ce8ac42d61ce58f5cd539fb79d41b1;05c6c275b10b37e3d5561f48e80d659c;emoji.redditmedia.com;reddit
3a6e6735bc423c7c3ba06bc609e05d00;05c6c275b10b37e3d5561f48e80d659c;v.redd.it;reddit
3a6e6735bc423c7c3ba06bc609e05d00;af830039016ecfd26e620b69f9a3bc14;v.redd.it;reddit
3a6e6735bc423c7c3ba06bc609e05d00;af830039016ecfd26e620b69f9a3bc14;v.redd.it;reddit
3a6e6735bc423c7c3ba06bc609e05d00;af830039016ecfd26e620b69f9a3bc14;v.redd.it;reddit
3a6e6735bc423c7c3ba06bc609e05d00;af830039016ecfd26e620b69f9a3bc14;v.redd.it;reddit
3a6e6735bc423c7c3ba06bc609e05d00;af830039016ecfd26e620b69f9a3bc14;v.redd.it;reddit
3a6e6735bc423c7c3ba06bc609e05d00;af830039016ecfd26e620b69f9a3bc14;v.redd.it;reddit
26ce8ac42d61ce58f5cd539fb79d41b1;05c6c275b10b37e3d5561f48e80d659c;oauth.reddit.com;reddit
26ce8ac42d61ce58f5cd539fb79d41b1;05c6c275b10b37e3d5561f48e80d659c;oauth.reddit.com;reddit
3a6e6735bc423c7c3ba06bc609e05d00;eb1d94daa7e0344597e756a1fb6e7054;play.googleapis.com;unknown
3a6e6735bc423c7c3ba06bc609e05d00;f4febc55ea12b31ae17cfb7e614afda8;api2.branch.io;unknown
26ce8ac42d61ce58f5cd539fb79d41b1;7c865977c9faab00040b10adaac0990c;app.slovakrail.sk;ideme_vlakom
26ce8ac42d61ce58f5cd539fb79d41b1;15af977ce25de452b96affa2addb1036;www.slovakrail.sk;ideme_vlakom
26ce8ac42d61ce58f5cd539fb79d41b1;7c865977c9faab00040b10adaac0990c;www.zssk.sk;ideme_vlakom
26ce8ac42d61ce58f5cd539fb79d41b1;7c865977c9faab00040b10adaac0990c;app.slovakrail.sk;ideme_vlakom
3a6e6735bc423c7c3ba06bc609e05d00;eb1d94daa7e0344597e756a1fb6e7054;clients4.google.com;unknown
3a6e6735bc423c7c3ba06bc609e05d00;eb1d94daa7e0344597e756a1fb6e7054;www.google.com;unknown
3a6e6735bc423c7c3ba06bc609e05d00;eb1d94daa7e0344597e756a1fb6e7054;www.google.com;unknown
3a6e6735bc423c7c3ba06bc609e05d00;eb1d94daa7e0344597e756a1fb6e7054;www.google.com;unknown
3a6e6735bc423c7c3ba06bc609e05d00;eb1d94daa7e0344597e756a1fb6e7054;csi.gstatic.com;unknown
26ce8ac42d61ce58f5cd539fb79d41b1;eb1d94daa7e0344597e756a1fb6e7054;firebase-settings.crashlytics.com;unknown
26ce8ac42d61ce58f5cd539fb79d41b1;05c6c275b10b37e3d5561f48e80d659c;gql.reddit.com;reddit
26ce8ac42d61ce58f5cd539fb79d41b1;05c6c275b10b37e3d5561f48e80d659c;oauth.reddit.com;reddit
26ce8ac42d61ce58f5cd539fb79d41b1;05c6c275b10b37e3d5561f48e80d659c;oauth.reddit.com;reddit
3a6e6735bc423c7c3ba06bc609e05d00;f4febc55ea12b31ae17cfb7e614afda8;graph.facebook.com;unknown
3a6e6735bc423c7c3ba06bc609e05d00;f4febc55ea12b31ae17cfb7e614afda8;pro.ip-api.com;unknown
3a6e6735bc423c7c3ba06bc609e05d00;eb1d94daa7e0344597e756a1fb6e7054;firebaseremoteconfig.googleapis.com;unknown
3a6e6735bc423c7c3ba06bc609e05d00;eb1d94daa7e0344597e756a1fb6e7054;firebaseremoteconfig.googleapis.com;unknown
26ce8ac42d61ce58f5cd539fb79d41b1;15af977ce25de452b96affa2addb1036;t.flashscore.sk;flashscore
7a61a9592f082e539815125065c9325a;70745099b394fe3f42264227c098cc98;ads.mopub.com;unknown
7a61a9592f082e539815125065c9325a;70745099b394fe3f42264227c098cc98;ads.mopub.com;unknown
0639e4f1805985b442a4e25f76913920;2b0648ab686ee45e0e7c35fcfb0eea7e;firebaseremoteconfig.googleapis.com;unknown
26ce8ac42d61ce58f5cd539fb79d41b1;15af977ce25de452b96affa2addb1036;www.livesport.cz;flashscore
26ce8ac42d61ce58f5cd539fb79d41b1;15af977ce25de452b96affa2addb1036;www.livesport.cz;flashscore
dc4dbd8dc1ed06eecf4d2e669ef6efd2;eb1d94daa7e0344597e756a1fb6e7054;googleads.g.doubleclick.net;unknown
193c522402283ed9e84b8bb38137829f;3589acf0c85c607d87bcab1a7e1c7ca3;googleads.g.doubleclick.net;unknown
265a1d6bd3de7c525c64def26a62a60d;eb1d94daa7e0344597e756a1fb6e7054;pagead2.googlesyndication.com;unknown
2d57fb59c3109915b0e6ae4f8bebb0d8;eb1d94daa7e0344597e756a1fb6e7054;pagead2.googlesyndication.com;unknown
04925fc94a0ed4412b38af3dcda0db53;eb1d94daa7e0344597e756a1fb6e7054;tpc.googlesyndication.com;unknown
a260116d928cb72d3af5adc1bc1b6518;eb1d94daa7e0344597e756a1fb6e7054;tpc.googlesyndication.com;unknown
3a6e6735bc423c7c3ba06bc609e05d00;eb1d94daa7e0344597e756a1fb6e7054;googleads.g.doubleclick.net;unknown
ec531f668e94e25a037dfc9a1ec697dc;2253c82f03b621c5144709b393fde2c9;t.flashscore.sk;flashscore
351a6915dfcbb799069dd55312725a0c;eb1d94daa7e0344597e756a1fb6e7054;s0.2mdn.net;unknown
ae5de4ec700f5bd7a6892ea675953c4c;eb1d94daa7e0344597e756a1fb6e7054;s0.2mdn.net;unknown
3a6e6735bc423c7c3ba06bc609e05d00;eb1d94daa7e0344597e756a1fb6e7054;googleads4.g.doubleclick.net;unknown
64b52d9623da011578baa49cf8d044aa;3323864de1cf84aeb345a54be983188f;j.adlooxtracking.com;unknown
ec531f668e94e25a037dfc9a1ec697dc;2253c82f03b621c5144709b393fde2c9;www.livesport.cz;flashscore
ec531f668e94e25a037dfc9a1ec697dc;2253c82f03b621c5144709b393fde2c9;www.livesport.cz;flashscore
604314d93041304bc5fb375f5cdd6115;4c1127faa6ddadee7fa4dfb701fa1c61;data18.adlooxtracking.com;unknown
2d57fb59c3109915b0e6ae4f8bebb0d8;4c1127faa6ddadee7fa4dfb701fa1c61;data04.adlooxtracking.com;unknown
64b52d9623da011578baa49cf8d044aa;4c1127faa6ddadee7fa4dfb701fa1c61;data04.adlooxtracking.com;unknown
ec531f668e94e25a037dfc9a1ec697dc;2253c82f03b621c5144709b393fde2c9;t.flashscore.sk;flashscore
0639e4f1805985b442a4e25f76913920;2b0648ab686ee45e0e7c35fcfb0eea7e;firebaseremoteconfig.googleapis.com;unknown
0254382c98becad89f582fc42af01fd6;174e7e4992a63f6d419626d97363adb8;data18.adlooxtracking.com;unknown
b4d778dd628337375a88fc1073a51d9f;0bcfa5ab48fd49e9b452fbea51bf9ff7;j.adlooxtracking.com;unknown
0639e4f1805985b442a4e25f76913920;2b0648ab686ee45e0e7c35fcfb0eea7e;googleads.g.doubleclick.net;unknown
bb5763bd09de241f950460151646db22;4c1127faa6ddadee7fa4dfb701fa1c61;data08.adlooxtracking.com;unknown
26ce8ac42d61ce58f5cd539fb79d41b1;15af977ce25de452b96affa2addb1036;t.lsapp.eu;unknown
0639e4f1805985b442a4e25f76913920;2b0648ab686ee45e0e7c35fcfb0eea7e;firebaseremoteconfig.googleapis.com;unknown
7a61a9592f082e539815125065c9325a;70745099b394fe3f42264227c098cc98;cb.mopub.com;unknown
ec531f668e94e25a037dfc9a1ec697dc;2253c82f03b621c5144709b393fde2c9;t.flashscore.sk;flashscore
ec531f668e94e25a037dfc9a1ec697dc;2253c82f03b621c5144709b393fde2c9;www.livesport.cz;flashscore
26ce8ac42d61ce58f5cd539fb79d41b1;15af977ce25de452b96affa2addb1036;www.livesport.cz;flashscore
6d31fba7d10c8f9df85ec58baba01360;eb1d94daa7e0344597e756a1fb6e7054;ade.googlesyndication.com;unknown
3a6e6735bc423c7c3ba06bc609e05d00;f4febc55ea12b31ae17cfb7e614afda8;mobile-static.adsafeprotected.com;unknown
dc4dbd8dc1ed06eecf4d2e669ef6efd2;f4febc55ea12b31ae17cfb7e614afda8;soma-assets.smaato.net;unknown
604314d93041304bc5fb375f5cdd6115;71409f2a2e40c737e291da9efb2b8c09;adtag.ad.smaato.net;unknown
7a61a9592f082e539815125065c9325a;70745099b394fe3f42264227c098cc98;cb.mopub.com;unknown
0639e4f1805985b442a4e25f76913920;2b0648ab686ee45e0e7c35fcfb0eea7e;firebaseremoteconfig.googleapis.com;unknown
0639e4f1805985b442a4e25f76913920;2b0648ab686ee45e0e7c35fcfb0eea7e;firebaseremoteconfig.googleapis.com;unknown
0639e4f1805985b442a4e25f76913920;2b0648ab686ee45e0e7c35fcfb0eea7e;firebaseremoteconfig.googleapis.com;unknown
ec531f668e94e25a037dfc9a1ec697dc;2253c82f03b621c5144709b393fde2c9;t.flashscore.sk;flashscore
3bf5573ed3e15778591d66287601b15c;174e7e4992a63f6d419626d97363adb8;data18.adlooxtracking.com;unknown
fb2e8b4221446a91e7b63646303665e5;174e7e4992a63f6d419626d97363adb8;data04.adlooxtracking.com;unknown
7a61a9592f082e539815125065c9325a;c13e9d919fb3d8019cc5d2ced4f14de2;ads.mopub.com;unknown
ec531f668e94e25a037dfc9a1ec697dc;2253c82f03b621c5144709b393fde2c9;t.flashscore.sk;flashscore
3a6e6735bc423c7c3ba06bc609e05d00;eb1d94daa7e0344597e756a1fb6e7054;googleads4.g.doubleclick.net;unknown
265a1d6bd3de7c525c64def26a62a60d;0bcfa5ab48fd49e9b452fbea51bf9ff7;j.adlooxtracking.com;unknown
b8343d17355e25462e7b0c9475a62ab1;174e7e4992a63f6d419626d97363adb8;data18.adlooxtracking.com;unknown
26ce8ac42d61ce58f5cd539fb79d41b1;af830039016ecfd26e620b69f9a3bc14;gql.reddit.com;unknown
265a1d6bd3de7c525c64def26a62a60d;4c1127faa6ddadee7fa4dfb701fa1c61;data62.adlooxtracking.com;unknown
49515d0beb91e4b9d0f63955d5764f15;174e7e4992a63f6d419626d97363adb8;data04.adlooxtracking.com;unknown
ec531f668e94e25a037dfc9a1ec697dc;2253c82f03b621c5144709b393fde2c9;t.flashscore.sk;flashscore
f9aa224992e69bef8ed7aaaadd093b00;174e7e4992a63f6d419626d97363adb8;data62.adlooxtracking.com;unknown
ec531f668e94e25a037dfc9a1ec697dc;2253c82f03b621c5144709b393fde2c9;t.flashscore.sk;flashscore
3076e612b224477fc3b126903d59801b;174e7e4992a63f6d419626d97363adb8;data62.adlooxtracking.com;unknown
ec531f668e94e25a037dfc9a1ec697dc;2253c82f03b621c5144709b393fde2c9;www.livesport.cz;flashscore
ec531f668e94e25a037dfc9a1ec697dc;2253c82f03b621c5144709b393fde2c9;t.lsapp.eu;unknown
ec531f668e94e25a037dfc9a1ec697dc;2253c82f03b621c5144709b393fde2c9;t.flashscore.sk;flashscore
ae5de4ec700f5bd7a6892ea675953c4c;0bcfa5ab48fd49e9b452fbea51bf9ff7;j.adlooxtracking.com;unknown
04925fc94a0ed4412b38af3dcda0db53;4c1127faa6ddadee7fa4dfb701fa1c61;data25.adlooxtracking.com;unknown
e0565dbbdf80b590f24c9f4e9d015a84;71409f2a2e40c737e291da9efb2b8c09;adtag.ad.smaato.net;unknown
7a61a9592f082e539815125065c9325a;70745099b394fe3f42264227c098cc98;cb.mopub.com;unknown
7a61a9592f082e539815125065c9325a;70745099b394fe3f42264227c098cc98;cb.mopub.com;unknown
ec531f668e94e25a037dfc9a1ec697dc;2253c82f03b621c5144709b393fde2c9;t.flashscore.sk;flashscore
0639e4f1805985b442a4e25f76913920;2b0648ab686ee45e0e7c35fcfb0eea7e;firebaseremoteconfig.googleapis.com;unknown
0639e4f1805985b442a4e25f76913920;2b0648ab686ee45e0e7c35fcfb0eea7e;firebaseremoteconfig.googleapis.com;unknown
0639e4f1805985b442a4e25f76913920;2b0648ab686ee45e0e7c35fcfb0eea7e;firebaseremoteconfig.googleapis.com;unknown
0639e4f1805985b442a4e25f76913920;2b0648ab686ee45e0e7c35fcfb0eea7e;firebaseremoteconfig.googleapis.com;unknown
7a61a9592f082e539815125065c9325a;70745099b394fe3f42264227c098cc98;ads.mopub.com;unknown
b8343d17355e25462e7b0c9475a62ab1;174e7e4992a63f6d419626d97363adb8;data25.adlooxtracking.com;unknown
7a61a9592f082e539815125065c9325a;70745099b394fe3f42264227c098cc98;cb.mopub.com;unknown
7a61a9592f082e539815125065c9325a;70745099b394fe3f42264227c098cc98;cb.mopub.com;unknown
fb2e8b4221446a91e7b63646303665e5;174e7e4992a63f6d419626d97363adb8;data18.adlooxtracking.com;unknown
49515d0beb91e4b9d0f63955d5764f15;174e7e4992a63f6d419626d97363adb8;data04.adlooxtracking.com;unknown
eb3a9c0ca108e86600c110d4e1aab0a3;174e7e4992a63f6d419626d97363adb8;data62.adlooxtracking.com;unknown
ec531f668e94e25a037dfc9a1ec697dc;2253c82f03b621c5144709b393fde2c9;t.flashscore.sk;flashscore
0639e4f1805985b442a4e25f76913920;2b0648ab686ee45e0e7c35fcfb0eea7e;firebaseremoteconfig.googleapis.com;unknown
ec531f668e94e25a037dfc9a1ec697dc;2253c82f03b621c5144709b393fde2c9;t.flashscore.sk;flashscore
0639e4f1805985b442a4e25f76913920;2b0648ab686ee45e0e7c35fcfb0eea7e;firebaseremoteconfig.googleapis.com;unknown
0639e4f1805985b442a4e25f76913920;2b0648ab686ee45e0e7c35fcfb0eea7e;firebaseremoteconfig.googleapis.com;unknown
0639e4f1805985b442a4e25f76913920;2b0648ab686ee45e0e7c35fcfb0eea7e;firebaseremoteconfig.googleapis.com;unknown
0639e4f1805985b442a4e25f76913920;2b0648ab686ee45e0e7c35fcfb0eea7e;firebaseremoteconfig.googleapis.com;unknown
ec531f668e94e25a037dfc9a1ec697dc;2253c82f03b621c5144709b393fde2c9;www.livesport.cz;flashscore
7a61a9592f082e539815125065c9325a;70745099b394fe3f42264227c098cc98;ads.mopub.com;unknown
fb2e8b4221446a91e7b63646303665e5;174e7e4992a63f6d419626d97363adb8;data25.adlooxtracking.com;unknown
7a61a9592f082e539815125065c9325a;70745099b394fe3f42264227c098cc98;cb.mopub.com;unknown
7a61a9592f082e539815125065c9325a;70745099b394fe3f42264227c098cc98;cb.mopub.com;unknown
26ce8ac42d61ce58f5cd539fb79d41b1;eb1d94daa7e0344597e756a1fb6e7054;dl.discordapp.net;discord
26ce8ac42d61ce58f5cd539fb79d41b1;eb1d94daa7e0344597e756a1fb6e7054;discord.com;discord
26ce8ac42d61ce58f5cd539fb79d41b1;eb1d94daa7e0344597e756a1fb6e7054;gateway.discord.gg;discord
26ce8ac42d61ce58f5cd539fb79d41b1;eb1d94daa7e0344597e756a1fb6e7054;discord.com;discord
3a6e6735bc423c7c3ba06bc609e05d00;eb1d94daa7e0344597e756a1fb6e7054;cdn.discordapp.com;discord
0ef9551fe13c04dd38f3709b28492579;174e7e4992a63f6d419626d97363adb8;data25.adlooxtracking.com;unknown
0639e4f1805985b442a4e25f76913920;2b0648ab686ee45e0e7c35fcfb0eea7e;cdn.discordapp.com;discord
0639e4f1805985b442a4e25f76913920;2b0648ab686ee45e0e7c35fcfb0eea7e;cdn.discordapp.com;discord
2526f98b7339100a55716a2d2fab18fb;174e7e4992a63f6d419626d97363adb8;data62.adlooxtracking.com;unknown
3a6e6735bc423c7c3ba06bc609e05d00;eb1d94daa7e0344597e756a1fb6e7054;media.discordapp.net;discord
14da9174ef59e4aa8bbfd95ac168af58;174e7e4992a63f6d419626d97363adb8;data25.adlooxtracking.com;unknown
fb2e8b4221446a91e7b63646303665e5;174e7e4992a63f6d419626d97363adb8;data18.adlooxtracking.com;unknown
b8343d17355e25462e7b0c9475a62ab1;174e7e4992a63f6d419626d97363adb8;data04.adlooxtracking.com;unknown
193c522402283ed9e84b8bb38137829f;3c40a90338cd0fe50cd9a7081dd87167;graph.facebook.com;unknown
193c522402283ed9e84b8bb38137829f;3c40a90338cd0fe50cd9a7081dd87167;graph.facebook.com;unknown
193c522402283ed9e84b8bb38137829f;f0f641a8d49020d5e5e5eb1f7be9166f;api2.branch.io;unknown
193c522402283ed9e84b8bb38137829f;f80c5554d4ade9af3f0462be80bbf9d1;api.onesignal.com;unknown
193c522402283ed9e84b8bb38137829f;f0f641a8d49020d5e5e5eb1f7be9166f;cdn.branch.io;unknown
7e76be77a8059ca9a9b17d04947e1ed5;1ea9f5ee48f642a7f190cfe16bc3de12;windyapp.co;windy
7e76be77a8059ca9a9b17d04947e1ed5;1ea9f5ee48f642a7f190cfe16bc3de12;windyapp.co;windy
7e76be77a8059ca9a9b17d04947e1ed5;1ea9f5ee48f642a7f190cfe16bc3de12;windyapp.co;windy
7e76be77a8059ca9a9b17d04947e1ed5;1ea9f5ee48f642a7f190cfe16bc3de12;windyapp.co;windy
7e76be77a8059ca9a9b17d04947e1ed5;1ea9f5ee48f642a7f190cfe16bc3de12;windyapp.co;windy
193c522402283ed9e84b8bb38137829f;f0f641a8d49020d5e5e5eb1f7be9166f;launches.appsflyer.com;unknown
7e76be77a8059ca9a9b17d04947e1ed5;1ea9f5ee48f642a7f190cfe16bc3de12;windyapp.co;windy
7e76be77a8059ca9a9b17d04947e1ed5;1ea9f5ee48f642a7f190cfe16bc3de12;windyapp.co;windy
7e76be77a8059ca9a9b17d04947e1ed5;1ea9f5ee48f642a7f190cfe16bc3de12;windyapp.co;windy
7e76be77a8059ca9a9b17d04947e1ed5;1ea9f5ee48f642a7f190cfe16bc3de12;windyapp.co;windy
7e76be77a8059ca9a9b17d04947e1ed5;1ea9f5ee48f642a7f190cfe16bc3de12;windyapp.co;windy
7e76be77a8059ca9a9b17d04947e1ed5;1ea9f5ee48f642a7f190cfe16bc3de12;windyapp.co;windy
193c522402283ed9e84b8bb38137829f;3589acf0c85c607d87bcab1a7e1c7ca3;firebaseremoteconfig.googleapis.com;unknown
193c522402283ed9e84b8bb38137829f;3589acf0c85c607d87bcab1a7e1c7ca3;clients4.google.com;unknown
7e76be77a8059ca9a9b17d04947e1ed5;1ea9f5ee48f642a7f190cfe16bc3de12;windyapp.co;windy
7e76be77a8059ca9a9b17d04947e1ed5;1ea9f5ee48f642a7f190cfe16bc3de12;windyapp.co;windy
7e76be77a8059ca9a9b17d04947e1ed5;1ea9f5ee48f642a7f190cfe16bc3de12;windyapp.co;windy
7e76be77a8059ca9a9b17d04947e1ed5;1ea9f5ee48f642a7f190cfe16bc3de12;windyapp.co;windy
878713b5db65bba6f0eff1995f9e52cb;3e22c1e49e52f88fc45c8cbd6b8e1f37;clients4.google.com;unknown
878713b5db65bba6f0eff1995f9e52cb;3e22c1e49e52f88fc45c8cbd6b8e1f37;clients4.google.com;unknown
878713b5db65bba6f0eff1995f9e52cb;3e22c1e49e52f88fc45c8cbd6b8e1f37;clients4.google.com;unknown
193c522402283ed9e84b8bb38137829f;3589acf0c85c607d87bcab1a7e1c7ca3;csi.gstatic.com;unknown
878713b5db65bba6f0eff1995f9e52cb;3e22c1e49e52f88fc45c8cbd6b8e1f37;api.onesignal.com;unknown
878713b5db65bba6f0eff1995f9e52cb;e0b9bfaaddda7743b03e66f0673c8c35;api2.branch.io;unknown
193c522402283ed9e84b8bb38137829f;f0f641a8d49020d5e5e5eb1f7be9166f;inapps.appsflyer.com;unknown
878713b5db65bba6f0eff1995f9e52cb;3e22c1e49e52f88fc45c8cbd6b8e1f37;clients4.google.com;unknown
878713b5db65bba6f0eff1995f9e52cb;3e22c1e49e52f88fc45c8cbd6b8e1f37;clients4.google.com;unknown
878713b5db65bba6f0eff1995f9e52cb;53423a999d2132332204a2e0303f4a2e;graph.facebook.com;unknown
878713b5db65bba6f0eff1995f9e52cb;3e22c1e49e52f88fc45c8cbd6b8e1f37;csi.gstatic.com;unknown
878713b5db65bba6f0eff1995f9e52cb;e0b9bfaaddda7743b03e66f0673c8c35;api2.branch.io;unknown
7e76be77a8059ca9a9b17d04947e1ed5;dc9ff9cb80b2eb8b6ccb2023c2c1a072;chats.windyapp.co;windy
193c522402283ed9e84b8bb38137829f;3589acf0c85c607d87bcab1a7e1c7ca3;firebaselogging-pa.googleapis.com;unknown
7e76be77a8059ca9a9b17d04947e1ed5;70745099b394fe3f42264227c098cc98;api2.amplitude.com;unknown
0f8268974e233b0b84648508720bfa5c;f57469a9b836c2aa4d7a0e15900eb667;www.linkedin.com;unknown
604314d93041304bc5fb375f5cdd6115;15af977ce25de452b96affa2addb1036;media-exp1.licdn.com;linkedin
26ce8ac42d61ce58f5cd539fb79d41b1;20c4fa904f1b77fd5e65084838cdfb5a;api.twitter.com;twitter
26ce8ac42d61ce58f5cd539fb79d41b1;20c4fa904f1b77fd5e65084838cdfb5a;api.twitter.com;twitter
26ce8ac42d61ce58f5cd539fb79d41b1;20c4fa904f1b77fd5e65084838cdfb5a;api.twitter.com;twitter
26ce8ac42d61ce58f5cd539fb79d41b1;20c4fa904f1b77fd5e65084838cdfb5a;api.twitter.com;twitter
26ce8ac42d61ce58f5cd539fb79d41b1;20c4fa904f1b77fd5e65084838cdfb5a;api-0-4-0.twitter.com;unknown
26ce8ac42d61ce58f5cd539fb79d41b1;20c4fa904f1b77fd5e65084838cdfb5a;probe.twitter.com;twitter
26ce8ac42d61ce58f5cd539fb79d41b1;20c4fa904f1b77fd5e65084838cdfb5a;api-0-4-0.twitter.com;unknown
26ce8ac42d61ce58f5cd539fb79d41b1;20c4fa904f1b77fd5e65084838cdfb5a;api-0-4-0.twitter.com;unknown
26ce8ac42d61ce58f5cd539fb79d41b1;15af977ce25de452b96affa2addb1036;pbs.twimg.com;twitter
3a6e6735bc423c7c3ba06bc609e05d00;f4febc55ea12b31ae17cfb7e614afda8;adf0901f1861.cdn4.forter.com;unknown
193c522402283ed9e84b8bb38137829f;4e3362a4d6bdc0739bcf48fe32243a69;apisd.ebay.com;ebay
193c522402283ed9e84b8bb38137829f;4e3362a4d6bdc0739bcf48fe32243a69;mobidcsng.ebay.com;ebay
7e76be77a8059ca9a9b17d04947e1ed5;c13e9d919fb3d8019cc5d2ced4f14de2;firebase-settings.crashlytics.com;unknown
193c522402283ed9e84b8bb38137829f;05c6c275b10b37e3d5561f48e80d659c;www.paypalobjects.com;unknown
193c522402283ed9e84b8bb38137829f;13ebed8b30ee92e9ddf0abfc39da9f20;b.stats.paypal.com;unknown
3699415a016a791c23de11293f62f570;15af977ce25de452b96affa2addb1036;apisd.ebay.com;unknown
5599b9e67d51125809d82ab1abf8470c;15af977ce25de452b96affa2addb1036;apisd.ebay.com;unknown
193c522402283ed9e84b8bb38137829f;13ebed8b30ee92e9ddf0abfc39da9f20;dub.stats.paypal.com;unknown
193c522402283ed9e84b8bb38137829f;013d6113abe9991c4c4f63bdba94fb46;d1e1e21f178790fca2078dc00170886b-adf0901f1861.cdn.forter.com;unknown
193c522402283ed9e84b8bb38137829f;05c6c275b10b37e3d5561f48e80d659c;c.paypal.com;unknown
193c522402283ed9e84b8bb38137829f;7b76ba926d8e1431f720be59188fa170;d1e1e21f178790fca2078dc00170886b-adf0901f1861.cdn5.forter.com;unknown
193c522402283ed9e84b8bb38137829f;f0f641a8d49020d5e5e5eb1f7be9166f;cdn46.forter.com;unknown
1b8f91d28acc6a1855a892ae66ea0858;f4febc55ea12b31ae17cfb7e614afda8;i.ebayimg.com;unknown
193c522402283ed9e84b8bb38137829f;296ff375c5ca40ea500a95b356df11c3;cdn0.forter.com;unknown
193c522402283ed9e84b8bb38137829f;013d6113abe9991c4c4f63bdba94fb46;d1e1e21f178790fca2078dc00170886b-adf0901f1861.cdn.forter.com;unknown
ff6c7ad097b7affbcc73855fa7a9afbc;eb1d94daa7e0344597e756a1fb6e7054;svcs.ebay.com;unknown
1dfd5869ffeef348432c693c1ba94095;eb1d94daa7e0344597e756a1fb6e7054;svcs.ebay.com;ebay
193c522402283ed9e84b8bb38137829f;20c4fa904f1b77fd5e65084838cdfb5a;m.api.forter.com;unknown
193c522402283ed9e84b8bb38137829f;20c4fa904f1b77fd5e65084838cdfb5a;m.api.forter.com;unknown
3699415a016a791c23de11293f62f570;15af977ce25de452b96affa2addb1036;mobiletelemetry.ebay.com;unknown
3a6e6735bc423c7c3ba06bc609e05d00;eb1d94daa7e0344597e756a1fb6e7054;sessions.bugsnag.com;unknown
cd54ffb8e6cbbca714eedccebd5e3f48;70745099b394fe3f42264227c098cc98;android-appboot.netflix.com;netflix
cd54ffb8e6cbbca714eedccebd5e3f48;eb1d94daa7e0344597e756a1fb6e7054;android-h2.prod.ftl.netflix.com;unknown
9d08cf79da41f7976ad8817c54a7dcdb;eb1d94daa7e0344597e756a1fb6e7054;android.prod.cloud.netflix.com;unknown
1b8f91d28acc6a1855a892ae66ea0858;f4febc55ea12b31ae17cfb7e614afda8;occ-0-1490-1489.1.nflxso.net;netflix
3699415a016a791c23de11293f62f570;f4febc55ea12b31ae17cfb7e614afda8;ipv4-c114-fra002-ix.1.oca.nflxvideo.net;unknown
9d08cf79da41f7976ad8817c54a7dcdb;f4febc55ea12b31ae17cfb7e614afda8;ipv4-c114-fra002-ix.1.oca.nflxvideo.net;unknown
1dfd5869ffeef348432c693c1ba94095;f4febc55ea12b31ae17cfb7e614afda8;ipv4-c114-fra002-ix.1.oca.nflxvideo.net;unknown
c1cf83ac1b475c457d5a33bce028917c;f4febc55ea12b31ae17cfb7e614afda8;ipv4-c102-fra002-ix.1.oca.nflxvideo.net;unknown
cd54ffb8e6cbbca714eedccebd5e3f48;f4febc55ea12b31ae17cfb7e614afda8;ipv4-c102-fra002-ix.1.oca.nflxvideo.net;unknown
5599b9e67d51125809d82ab1abf8470c;f4febc55ea12b31ae17cfb7e614afda8;ipv4-c102-fra002-ix.1.oca.nflxvideo.net;unknown
dc4dbd8dc1ed06eecf4d2e669ef6efd2;040e57cd679445d961adbb68d4f9873c;realtime.www.linkedin.com;linkedin
9b65958236eb02e604d3d9f783df94a1;040e57cd679445d961adbb68d4f9873c;realtime.www.linkedin.com;unknown
f297d734356e7c53b496c7329a836f5a;040e57cd679445d961adbb68d4f9873c;realtime.www.linkedin.com;unknown
ae5de4ec700f5bd7a6892ea675953c4c;15af977ce25de452b96affa2addb1036;dms.licdn.com;unknown
a260116d928cb72d3af5adc1bc1b6518;15af977ce25de452b96affa2addb1036;dms.licdn.com;unknown
9090239041897154abd0fb078325570c;2253c82f03b621c5144709b393fde2c9;dms.licdn.com;unknown
70542f71a5224d8b6a4d63c6138f1e70;2253c82f03b621c5144709b393fde2c9;dms.licdn.com;unknown
26ce8ac42d61ce58f5cd539fb79d41b1;af830039016ecfd26e620b69f9a3bc14;gql.reddit.com;unknown
3a6e6735bc423c7c3ba06bc609e05d00;f4febc55ea12b31ae17cfb7e614afda8;api2.branch.io;unknown
3a6e6735bc423c7c3ba06bc609e05d00;f4febc55ea12b31ae17cfb7e614afda8;launches.appsflyer.com;unknown
3a6e6735bc423c7c3ba06bc609e05d00;f4febc55ea12b31ae17cfb7e614afda8;cdn.branch.io;unknown
3a6e6735bc423c7c3ba06bc609e05d00;05c6c275b10b37e3d5561f48e80d659c;v.redd.it;reddit
26ce8ac42d61ce58f5cd539fb79d41b1;05c6c275b10b37e3d5561f48e80d659c;v.redd.it;reddit
3a6e6735bc423c7c3ba06bc609e05d00;af830039016ecfd26e620b69f9a3bc14;v.redd.it;reddit
26ce8ac42d61ce58f5cd539fb79d41b1;05c6c275b10b37e3d5561f48e80d659c;styles.redditmedia.com;reddit
26ce8ac42d61ce58f5cd539fb79d41b1;05c6c275b10b37e3d5561f48e80d659c;styles.redditmedia.com;reddit
26ce8ac42d61ce58f5cd539fb79d41b1;05c6c275b10b37e3d5561f48e80d659c;styles.redditmedia.com;reddit
26ce8ac42d61ce58f5cd539fb79d41b1;05c6c275b10b37e3d5561f48e80d659c;b.thumbs.redditmedia.com;reddit
26ce8ac42d61ce58f5cd539fb79d41b1;05c6c275b10b37e3d5561f48e80d659c;b.thumbs.redditmedia.com;reddit
26ce8ac42d61ce58f5cd539fb79d41b1;05c6c275b10b37e3d5561f48e80d659c;b.thumbs.redditmedia.com;reddit
3a6e6735bc423c7c3ba06bc609e05d00;f4febc55ea12b31ae17cfb7e614afda8;api2.branch.io;unknown
26ce8ac42d61ce58f5cd539fb79d41b1;05c6c275b10b37e3d5561f48e80d659c;gql.reddit.com;reddit
26ce8ac42d61ce58f5cd539fb79d41b1;05c6c275b10b37e3d5561f48e80d659c;oauth.reddit.com;reddit
26ce8ac42d61ce58f5cd539fb79d41b1;eb1d94daa7e0344597e756a1fb6e7054;dl.discordapp.net;discord
26ce8ac42d61ce58f5cd539fb79d41b1;eb1d94daa7e0344597e756a1fb6e7054;gateway.discord.gg;discord
26ce8ac42d61ce58f5cd539fb79d41b1;eb1d94daa7e0344597e756a1fb6e7054;discord.com;discord
26ce8ac42d61ce58f5cd539fb79d41b1;eb1d94daa7e0344597e756a1fb6e7054;discord.com;discord
3a6e6735bc423c7c3ba06bc609e05d00;f4febc55ea12b31ae17cfb7e614afda8;graph.facebook.com;unknown
3a6e6735bc423c7c3ba06bc609e05d00;f4febc55ea12b31ae17cfb7e614afda8;graph.facebook.com;unknown
193c522402283ed9e84b8bb38137829f;3c40a90338cd0fe50cd9a7081dd87167;graph.facebook.com;unknown
7e76be77a8059ca9a9b17d04947e1ed5;1ea9f5ee48f642a7f190cfe16bc3de12;windyapp.co;windy
7e76be77a8059ca9a9b17d04947e1ed5;1ea9f5ee48f642a7f190cfe16bc3de12;windyapp.co;windy
7e76be77a8059ca9a9b17d04947e1ed5;1ea9f5ee48f642a7f190cfe16bc3de12;windyapp.co;windy
7e76be77a8059ca9a9b17d04947e1ed5;1ea9f5ee48f642a7f190cfe16bc3de12;windyapp.co;windy
7e76be77a8059ca9a9b17d04947e1ed5;1ea9f5ee48f642a7f190cfe16bc3de12;windyapp.co;windy
193c522402283ed9e84b8bb38137829f;3589acf0c85c607d87bcab1a7e1c7ca3;firebaselogging-pa.googleapis.com;unknown
7e76be77a8059ca9a9b17d04947e1ed5;1ea9f5ee48f642a7f190cfe16bc3de12;windyapp.co;windy
7e76be77a8059ca9a9b17d04947e1ed5;1ea9f5ee48f642a7f190cfe16bc3de12;windyapp.co;windy
193c522402283ed9e84b8bb38137829f;182b31efa088c7665b13d7d04d80fef0;firebase-settings.crashlytics.com;unknown
7e76be77a8059ca9a9b17d04947e1ed5;29fc1c462559a1f2a04ea579850cfb09;windyapp.co;windy
7e76be77a8059ca9a9b17d04947e1ed5;1ea9f5ee48f642a7f190cfe16bc3de12;windyapp.co;windy
7e76be77a8059ca9a9b17d04947e1ed5;1ea9f5ee48f642a7f190cfe16bc3de12;windyapp.co;windy
3a6e6735bc423c7c3ba06bc609e05d00;eb1d94daa7e0344597e756a1fb6e7054;media.discordapp.net;discord
193c522402283ed9e84b8bb38137829f;3589acf0c85c607d87bcab1a7e1c7ca3;crashlyticsreports-pa.googleapis.com;unknown
7e76be77a8059ca9a9b17d04947e1ed5;70745099b394fe3f42264227c098cc98;api2.amplitude.com;unknown
26ce8ac42d61ce58f5cd539fb79d41b1;7c865977c9faab00040b10adaac0990c;app.slovakrail.sk;ideme_vlakom
26ce8ac42d61ce58f5cd539fb79d41b1;15af977ce25de452b96affa2addb1036;www.slovakrail.sk;ideme_vlakom
26ce8ac42d61ce58f5cd539fb79d41b1;7c865977c9faab00040b10adaac0990c;www.zssk.sk;ideme_vlakom
193c522402283ed9e84b8bb38137829f;f0f641a8d49020d5e5e5eb1f7be9166f;api2.branch.io;unknown
193c522402283ed9e84b8bb38137829f;f80c5554d4ade9af3f0462be80bbf9d1;api.onesignal.com;unknown
193c522402283ed9e84b8bb38137829f;f0f641a8d49020d5e5e5eb1f7be9166f;cdn.branch.io;unknown
193c522402283ed9e84b8bb38137829f;f0f641a8d49020d5e5e5eb1f7be9166f;launches.appsflyer.com;unknown
7e76be77a8059ca9a9b17d04947e1ed5;29fc1c462559a1f2a04ea579850cfb09;windyapp.co;windy
7e76be77a8059ca9a9b17d04947e1ed5;29fc1c462559a1f2a04ea579850cfb09;windyapp.co;windy
7e76be77a8059ca9a9b17d04947e1ed5;29fc1c462559a1f2a04ea579850cfb09;windyapp.co;windy
193c522402283ed9e84b8bb38137829f;3589acf0c85c607d87bcab1a7e1c7ca3;clients4.google.com;unknown
878713b5db65bba6f0eff1995f9e52cb;3e22c1e49e52f88fc45c8cbd6b8e1f37;clients4.google.com;unknown
193c522402283ed9e84b8bb38137829f;3589acf0c85c607d87bcab1a7e1c7ca3;csi.gstatic.com;unknown
7e76be77a8059ca9a9b17d04947e1ed5;be9bfea5f1d181599ac610af6f68544b;cdn.windyapp.co;windy
7e76be77a8059ca9a9b17d04947e1ed5;be9bfea5f1d181599ac610af6f68544b;cdn.windyapp.co;windy
878713b5db65bba6f0eff1995f9e52cb;3e22c1e49e52f88fc45c8cbd6b8e1f37;api.onesignal.com;unknown
7e76be77a8059ca9a9b17d04947e1ed5;9ab8f8c869ad234d4025e882270a547a;cdn.windyapp.co;windy
7e76be77a8059ca9a9b17d04947e1ed5;9ab8f8c869ad234d4025e882270a547a;cdn.windyapp.co;windy
7e76be77a8059ca9a9b17d04947e1ed5;9ab8f8c869ad234d4025e882270a547a;cdn.windyapp.co;windy
7e76be77a8059ca9a9b17d04947e1ed5;a93e7c19c20aab0950127fee75e19a3b;platform-lookaside.fbsbx.com;unknown
7e76be77a8059ca9a9b17d04947e1ed5;29fc1c462559a1f2a04ea579850cfb09;windyapp.co;windy
7e76be77a8059ca9a9b17d04947e1ed5;29fc1c462559a1f2a04ea579850cfb09;windyapp.co;windy
7e76be77a8059ca9a9b17d04947e1ed5;29fc1c462559a1f2a04ea579850cfb09;windyapp.co;windy
878713b5db65bba6f0eff1995f9e52cb;53423a999d2132332204a2e0303f4a2e;graph.facebook.com;unknown
7e76be77a8059ca9a9b17d04947e1ed5;29fc1c462559a1f2a04ea579850cfb09;windyapp.co;windy
7e76be77a8059ca9a9b17d04947e1ed5;a93e7c19c20aab0950127fee75e19a3b;lookaside.facebook.com;unknown
7e76be77a8059ca9a9b17d04947e1ed5;9ab8f8c869ad234d4025e882270a547a;lh3.googleusercontent.com;unknown
3a6e6735bc423c7c3ba06bc609e05d00;f4febc55ea12b31ae17cfb7e614afda8;graph.facebook.com;unknown
3a6e6735bc423c7c3ba06bc609e05d00;f4febc55ea12b31ae17cfb7e614afda8;pro.ip-api.com;unknown
3a6e6735bc423c7c3ba06bc609e05d00;eb1d94daa7e0344597e756a1fb6e7054;firebaseremoteconfig.googleapis.com;unknown
3a6e6735bc423c7c3ba06bc609e05d00;eb1d94daa7e0344597e756a1fb6e7054;firebaseremoteconfig.googleapis.com;unknown
26ce8ac42d61ce58f5cd539fb79d41b1;15af977ce25de452b96affa2addb1036;t.flashscore.sk;flashscore
7a61a9592f082e539815125065c9325a;70745099b394fe3f42264227c098cc98;ads.mopub.com;unknown
7a61a9592f082e539815125065c9325a;70745099b394fe3f42264227c098cc98;ads.mopub.com;unknown
3a6e6735bc423c7c3ba06bc609e05d00;f4febc55ea12b31ae17cfb7e614afda8;graph.facebook.com;unknown
3a6e6735bc423c7c3ba06bc609e05d00;f4febc55ea12b31ae17cfb7e614afda8;graph.facebook.com;unknown
193c522402283ed9e84b8bb38137829f;3c40a90338cd0fe50cd9a7081dd87167;graph.facebook.com;unknown
7e76be77a8059ca9a9b17d04947e1ed5;1ea9f5ee48f642a7f190cfe16bc3de12;windyapp.co;windy
7e76be77a8059ca9a9b17d04947e1ed5;1ea9f5ee48f642a7f190cfe16bc3de12;windyapp.co;windy
7e76be77a8059ca9a9b17d04947e1ed5;1ea9f5ee48f642a7f190cfe16bc3de12;windyapp.co;windy
7e76be77a8059ca9a9b17d04947e1ed5;1ea9f5ee48f642a7f190cfe16bc3de12;windyapp.co;windy
7e76be77a8059ca9a9b17d04947e1ed5;1ea9f5ee48f642a7f190cfe16bc3de12;windyapp.co;windy
7e76be77a8059ca9a9b17d04947e1ed5;29fc1c462559a1f2a04ea579850cfb09;windyapp.co;windy
7e76be77a8059ca9a9b17d04947e1ed5;1ea9f5ee48f642a7f190cfe16bc3de12;windyapp.co;windy
7e76be77a8059ca9a9b17d04947e1ed5;1ea9f5ee48f642a7f190cfe16bc3de12;windyapp.co;windy
193c522402283ed9e84b8bb38137829f;3589acf0c85c607d87bcab1a7e1c7ca3;firebaselogging-pa.googleapis.com;unknown
7e76be77a8059ca9a9b17d04947e1ed5;1ea9f5ee48f642a7f190cfe16bc3de12;windyapp.co;windy
7e76be77a8059ca9a9b17d04947e1ed5;1ea9f5ee48f642a7f190cfe16bc3de12;windyapp.co;windy
ec531f668e94e25a037dfc9a1ec697dc;2253c82f03b621c5144709b393fde2c9;t.flashscore.sk;flashscore
193c522402283ed9e84b8bb38137829f;3589acf0c85c607d87bcab1a7e1c7ca3;crashlyticsreports-pa.googleapis.com;unknown
ec531f668e94e25a037dfc9a1ec697dc;2253c82f03b621c5144709b393fde2c9;t.flashscore.sk;flashscore
26ce8ac42d61ce58f5cd539fb79d41b1;15af977ce25de452b96affa2addb1036;www.livesport.cz;flashscore
26ce8ac42d61ce58f5cd539fb79d41b1;15af977ce25de452b96affa2addb1036;www.livesport.cz;flashscore
26ce8ac42d61ce58f5cd539fb79d41b1;15af977ce25de452b96affa2addb1036;www.livesport.cz;flashscore
26ce8ac42d61ce58f5cd539fb79d41b1;15af977ce25de452b96affa2addb1036;www.livesport.cz;flashscore
193c522402283ed9e84b8bb38137829f;3589acf0c85c607d87bcab1a7e1c7ca3;googleads.g.doubleclick.net;unknown
26ce8ac42d61ce58f5cd539fb79d41b1;15af977ce25de452b96affa2addb1036;t.lsapp.eu;unknown
0639e4f1805985b442a4e25f76913920;2b0648ab686ee45e0e7c35fcfb0eea7e;firebaseremoteconfig.googleapis.com;unknown
ec531f668e94e25a037dfc9a1ec697dc;2253c82f03b621c5144709b393fde2c9;t.flashscore.sk;flashscore
3a6e6735bc423c7c3ba06bc609e05d00;f4febc55ea12b31ae17cfb7e614afda8;mobile-static.adsafeprotected.com;unknown
b4d778dd628337375a88fc1073a51d9f;eb1d94daa7e0344597e756a1fb6e7054;pagead2.googlesyndication.com;unknown
04925fc94a0ed4412b38af3dcda0db53;eb1d94daa7e0344597e756a1fb6e7054;googleads.g.doubleclick.net;unknown
0f8268974e233b0b84648508720bfa5c;eb1d94daa7e0344597e756a1fb6e7054;googleads.g.doubleclick.net;unknown
b4d778dd628337375a88fc1073a51d9f;71409f2a2e40c737e291da9efb2b8c09;adtag.ad.smaato.net;unknown
7a61a9592f082e539815125065c9325a;70745099b394fe3f42264227c098cc98;cb.mopub.com;unknown
6d31fba7d10c8f9df85ec58baba01360;3323864de1cf84aeb345a54be983188f;j.adlooxtracking.com;unknown
3a6e6735bc423c7c3ba06bc609e05d00;eb1d94daa7e0344597e756a1fb6e7054;googleads4.g.doubleclick.net;unknown
2d57fb59c3109915b0e6ae4f8bebb0d8;4c1127faa6ddadee7fa4dfb701fa1c61;data60.adlooxtracking.com;unknown
7a61a9592f082e539815125065c9325a;70745099b394fe3f42264227c098cc98;ads.mopub.com;unknown
ec531f668e94e25a037dfc9a1ec697dc;2253c82f03b621c5144709b393fde2c9;t.flashscore.sk;flashscore
dc4dbd8dc1ed06eecf4d2e669ef6efd2;0bcfa5ab48fd49e9b452fbea51bf9ff7;j.adlooxtracking.com;unknown
04925fc94a0ed4412b38af3dcda0db53;4c1127faa6ddadee7fa4dfb701fa1c61;data56.adlooxtracking.com;unknown
86230c6fc64671c12c19692d6af26c79;174e7e4992a63f6d419626d97363adb8;data60.adlooxtracking.com;unknown
26ce8ac42d61ce58f5cd539fb79d41b1;f4febc55ea12b31ae17cfb7e614afda8;gql.twitch.tv;twitch
26ce8ac42d61ce58f5cd539fb79d41b1;f4febc55ea12b31ae17cfb7e614afda8;gql.twitch.tv;twitch
26ce8ac42d61ce58f5cd539fb79d41b1;f4febc55ea12b31ae17cfb7e614afda8;gql.twitch.tv;twitch
26ce8ac42d61ce58f5cd539fb79d41b1;f4febc55ea12b31ae17cfb7e614afda8;gql.twitch.tv;twitch
26ce8ac42d61ce58f5cd539fb79d41b1;f4febc55ea12b31ae17cfb7e614afda8;gql.twitch.tv;twitch
26ce8ac42d61ce58f5cd539fb79d41b1;f4febc55ea12b31ae17cfb7e614afda8;gql.twitch.tv;twitch
26ce8ac42d61ce58f5cd539fb79d41b1;20c4fa904f1b77fd5e65084838cdfb5a;video-edge-3282a7.pdx01.abs.hls.ttvnw.net;unknown
ab34b91cb1a47de756d5fe2e565850e2;fcb2d4d0991292272fcb1e464eedfd43;gql.twitch.tv;twitch
e1330d9d9c9fe3586c1c8c08ffedf63e;896415616b22361262d7a961b6325cfd;video-edge-3282a7.pdx01.abs.hls.ttvnw.net;unknown
3d9a16cdc1b2a98f6046af1c833054b8;70745099b394fe3f42264227c098cc98;pubsub-edge.twitch.tv;twitch
3bf5573ed3e15778591d66287601b15c;174e7e4992a63f6d419626d97363adb8;data56.adlooxtracking.com;unknown
26ce8ac42d61ce58f5cd539fb79d41b1;f4febc55ea12b31ae17cfb7e614afda8;static-cdn.jtvnw.net;unknown
26ce8ac42d61ce58f5cd539fb79d41b1;f4febc55ea12b31ae17cfb7e614afda8;static-cdn.jtvnw.net;unknown
26ce8ac42d61ce58f5cd539fb79d41b1;f4febc55ea12b31ae17cfb7e614afda8;static-cdn.jtvnw.net;unknown
26ce8ac42d61ce58f5cd539fb79d41b1;f4febc55ea12b31ae17cfb7e614afda8;static-cdn.jtvnw.net;unknown
26ce8ac42d61ce58f5cd539fb79d41b1;f4febc55ea12b31ae17cfb7e614afda8;static-cdn.jtvnw.net;unknown
3d9a16cdc1b2a98f6046af1c833054b8;70745099b394fe3f42264227c098cc98;pubsub-edge.twitch.tv;twitch
eccd405434bbff6e1cbb5e3d3a1054d3;174e7e4992a63f6d419626d97363adb8;data60.adlooxtracking.com;unknown
d013029a655038fdd4f6a150885e3334;174e7e4992a63f6d419626d97363adb8;data56.adlooxtracking.com;unknown
49515d0beb91e4b9d0f63955d5764f15;174e7e4992a63f6d419626d97363adb8;data60.adlooxtracking.com;unknown
193c522402283ed9e84b8bb38137829f;97da4430447d2f20313f4c2c4241a6ca;pinpoint.us-east-1.amazonaws.com;unknown
193c522402283ed9e84b8bb38137829f;f0f641a8d49020d5e5e5eb1f7be9166f;ddacn6pr5v0tl.cloudfront.net;unknown
193c522402283ed9e84b8bb38137829f;03032be98e68a3e10c63642567e4f55a;s.amazon-adsystem.com;unknown
7e76be77a8059ca9a9b17d04947e1ed5;70745099b394fe3f42264227c098cc98;api2.amplitude.com;unknown
26ce8ac42d61ce58f5cd539fb79d41b1;a218bea95e79bb5b882e92b8a82d26c6;usher.ttvnw.net;twitch
0529055d554c9da011b745452211c296;f0f641a8d49020d5e5e5eb1f7be9166f;d2nvs31859zcd8.cloudfront.net;unknown
2526f98b7339100a55716a2d2fab18fb;174e7e4992a63f6d419626d97363adb8;data56.adlooxtracking.com;unknown
193c522402283ed9e84b8bb38137829f;63e52bc7fad2412bc978cba20c311190;twitch.prod.entry.video-ads.a2z.com;twitch
83c2a7c7f977a238241c32ea5b38467d;e0b9bfaaddda7743b03e66f0673c8c35;d2nvs31859zcd8.cloudfront.net;unknown
193c522402283ed9e84b8bb38137829f;b2b955ef4f28a8a1f0ee23f3989e1d59;search.spotxchange.com;unknown
193c522402283ed9e84b8bb38137829f;03032be98e68a3e10c63642567e4f55a;aax-eu.amazon-adsystem.com;unknown
26ce8ac42d61ce58f5cd539fb79d41b1;70745099b394fe3f42264227c098cc98;countess.twitch.tv;unknown
2526f98b7339100a55716a2d2fab18fb;174e7e4992a63f6d419626d97363adb8;data60.adlooxtracking.com;unknown
3a6e6735bc423c7c3ba06bc609e05d00;f4febc55ea12b31ae17cfb7e614afda8;adf0901f1861.cdn4.forter.com;unknown
193c522402283ed9e84b8bb38137829f;4e3362a4d6bdc0739bcf48fe32243a69;apisd.ebay.com;ebay
193c522402283ed9e84b8bb38137829f;13ebed8b30ee92e9ddf0abfc39da9f20;b.stats.paypal.com;unknown
193c522402283ed9e84b8bb38137829f;7b76ba926d8e1431f720be59188fa170;d1e1e21f178790fca2078dc00170886b-adf0901f1861.cdn5.forter.com;unknown
193c522402283ed9e84b8bb38137829f;013d6113abe9991c4c4f63bdba94fb46;d1e1e21f178790fca2078dc00170886b-adf0901f1861.cdn.forter.com;unknown
193c522402283ed9e84b8bb38137829f;13ebed8b30ee92e9ddf0abfc39da9f20;dub.stats.paypal.com;unknown
193c522402283ed9e84b8bb38137829f;f0f641a8d49020d5e5e5eb1f7be9166f;cdn46.forter.com;unknown
193c522402283ed9e84b8bb38137829f;05c6c275b10b37e3d5561f48e80d659c;c.paypal.com;unknown
193c522402283ed9e84b8bb38137829f;296ff375c5ca40ea500a95b356df11c3;cdn0.forter.com;unknown
193c522402283ed9e84b8bb38137829f;013d6113abe9991c4c4f63bdba94fb46;d1e1e21f178790fca2078dc00170886b-adf0901f1861.cdn.forter.com;unknown
c26f1c6c8a8bda47c40bf31f469e6950;15af977ce25de452b96affa2addb1036;apisd.ebay.com;unknown
90681500ef3c6d66c4900f6274c53538;15af977ce25de452b96affa2addb1036;apisd.ebay.com;unknown
9d08cf79da41f7976ad8817c54a7dcdb;f4febc55ea12b31ae17cfb7e614afda8;i.ebayimg.com;unknown
9d08cf79da41f7976ad8817c54a7dcdb;f4febc55ea12b31ae17cfb7e614afda8;i.ebayimg.com;unknown
c1cf83ac1b475c457d5a33bce028917c;f4febc55ea12b31ae17cfb7e614afda8;i.ebayimg.com;unknown
22fe7fd9b23471c0225f329727b87003;f4febc55ea12b31ae17cfb7e614afda8;i.ebayimg.com;unknown
193c522402283ed9e84b8bb38137829f;20c4fa904f1b77fd5e65084838cdfb5a;m.api.forter.com;unknown
193c522402283ed9e84b8bb38137829f;20c4fa904f1b77fd5e65084838cdfb5a;m.api.forter.com;unknown
c1cf83ac1b475c457d5a33bce028917c;eb1d94daa7e0344597e756a1fb6e7054;svcs.ebay.com;unknown
f9376e8ecde726ac5adbe877ee5a6794;eb1d94daa7e0344597e756a1fb6e7054;svcs.ebay.com;unknown
8d6d56de0a709a20fcda3d096da59777;eb1d94daa7e0344597e756a1fb6e7054;mtalk.google.com;unknown
3a6e6735bc423c7c3ba06bc609e05d00;eb1d94daa7e0344597e756a1fb6e7054;www.google.com;unknown
26ce8ac42d61ce58f5cd539fb79d41b1;7c865977c9faab00040b10adaac0990c;app.slovakrail.sk;ideme_vlakom
26ce8ac42d61ce58f5cd539fb79d41b1;20c4fa904f1b77fd5e65084838cdfb5a;video-edge-3282a7.pdx01.abs.hls.ttvnw.net;unknown
26ce8ac42d61ce58f5cd539fb79d41b1;15af977ce25de452b96affa2addb1036;www.slovakrail.sk;ideme_vlakom
26ce8ac42d61ce58f5cd539fb79d41b1;7c865977c9faab00040b10adaac0990c;www.zssk.sk;ideme_vlakom
26ce8ac42d61ce58f5cd539fb79d41b1;05c6c275b10b37e3d5561f48e80d659c;preview.redd.it;reddit
26ce8ac42d61ce58f5cd539fb79d41b1;05c6c275b10b37e3d5561f48e80d659c;external-preview.redd.it;reddit
26ce8ac42d61ce58f5cd539fb79d41b1;af830039016ecfd26e620b69f9a3bc14;preview.redd.it;reddit
26ce8ac42d61ce58f5cd539fb79d41b1;05c6c275b10b37e3d5561f48e80d659c;e.reddit.com;reddit
26ce8ac42d61ce58f5cd539fb79d41b1;20c4fa904f1b77fd5e65084838cdfb5a;probe.twitter.com;twitter
26ce8ac42d61ce58f5cd539fb79d41b1;20c4fa904f1b77fd5e65084838cdfb5a;api.twitter.com;twitter
26ce8ac42d61ce58f5cd539fb79d41b1;15af977ce25de452b96affa2addb1036;pbs.twimg.com;twitter
26ce8ac42d61ce58f5cd539fb79d41b1;15af977ce25de452b96affa2addb1036;pbs.twimg.com;twitter
26ce8ac42d61ce58f5cd539fb79d41b1;15af977ce25de452b96affa2addb1036;pbs.twimg.com;twitter
04925fc94a0ed4412b38af3dcda0db53;f57469a9b836c2aa4d7a0e15900eb667;www.linkedin.com;linkedin
26ce8ac42d61ce58f5cd539fb79d41b1;20c4fa904f1b77fd5e65084838cdfb5a;api-0-4-0.twitter.com;unknown
26ce8ac42d61ce58f5cd539fb79d41b1;182b31efa088c7665b13d7d04d80fef0;api-0-4-0.twitter.com;unknown
3a6e6735bc423c7c3ba06bc609e05d00;f4febc55ea12b31ae17cfb7e614afda8;adf0901f1861.cdn4.forter.com;unknown
26ce8ac42d61ce58f5cd539fb79d41b1;7c865977c9faab00040b10adaac0990c;app.slovakrail.sk;ideme_vlakom
193c522402283ed9e84b8bb38137829f;4e3362a4d6bdc0739bcf48fe32243a69;mobidcsng.ebay.com;ebay
3a6e6735bc423c7c3ba06bc609e05d00;eb1d94daa7e0344597e756a1fb6e7054;clients4.google.com;unknown
3a6e6735bc423c7c3ba06bc609e05d00;eb1d94daa7e0344597e756a1fb6e7054;www.google.com;unknown
3a6e6735bc423c7c3ba06bc609e05d00;eb1d94daa7e0344597e756a1fb6e7054;csi.gstatic.com;unknown
26ce8ac42d61ce58f5cd539fb79d41b1;eb1d94daa7e0344597e756a1fb6e7054;dl.discordapp.net;discord
26ce8ac42d61ce58f5cd539fb79d41b1;eb1d94daa7e0344597e756a1fb6e7054;discord.com;discord
26ce8ac42d61ce58f5cd539fb79d41b1;eb1d94daa7e0344597e756a1fb6e7054;gateway.discord.gg;discord
3a6e6735bc423c7c3ba06bc609e05d00;eb1d94daa7e0344597e756a1fb6e7054;media.discordapp.net;discord
