APP;JA3;SNI;JA3S
discord;0639e4f1805985b442a4e25f76913920;cdn.discordapp.com;2b0648ab686ee45e0e7c35fcfb0eea7e
discord;0639e4f1805985b442a4e25f76913920;images-ext-1.discordapp.net;2b0648ab686ee45e0e7c35fcfb0eea7e
discord;0639e4f1805985b442a4e25f76913920;images-ext-2.discordapp.net;2b0648ab686ee45e0e7c35fcfb0eea7e
discord;0639e4f1805985b442a4e25f76913920;media.discordapp.net;2b0648ab686ee45e0e7c35fcfb0eea7e
discord;26ce8ac42d61ce58f5cd539fb79d41b1;discord.com;eb1d94daa7e0344597e756a1fb6e7054
discord;26ce8ac42d61ce58f5cd539fb79d41b1;dl.discordapp.net;eb1d94daa7e0344597e756a1fb6e7054
discord;26ce8ac42d61ce58f5cd539fb79d41b1;gateway.discord.gg;eb1d94daa7e0344597e756a1fb6e7054
discord;3a6e6735bc423c7c3ba06bc609e05d00;cdn.discordapp.com;eb1d94daa7e0344597e756a1fb6e7054
discord;3a6e6735bc423c7c3ba06bc609e05d00;images-ext-1.discordapp.net;eb1d94daa7e0344597e756a1fb6e7054
discord;3a6e6735bc423c7c3ba06bc609e05d00;images-ext-2.discordapp.net;eb1d94daa7e0344597e756a1fb6e7054
discord;3a6e6735bc423c7c3ba06bc609e05d00;media.discordapp.net;eb1d94daa7e0344597e756a1fb6e7054
ebay;0f8268974e233b0b84648508720bfa5c;rover.ebay.com;2981049aa28c045a550c73180a9bfcaf
ebay;193c522402283ed9e84b8bb38137829f;apisd.ebay.com;4e3362a4d6bdc0739bcf48fe32243a69
ebay;193c522402283ed9e84b8bb38137829f;mobidcsng.ebay.com;4e3362a4d6bdc0739bcf48fe32243a69
ebay;1b8f91d28acc6a1855a892ae66ea0858;apisd.ebay.com;15af977ce25de452b96affa2addb1036
ebay;1b8f91d28acc6a1855a892ae66ea0858;svcs.ebay.com;eb1d94daa7e0344597e756a1fb6e7054
ebay;1dfd5869ffeef348432c693c1ba94095;p.ebaystatic.com;0dd6cbec8e8bbaa06efa39ff853972dd
ebay;1dfd5869ffeef348432c693c1ba94095;svcs.ebay.com;eb1d94daa7e0344597e756a1fb6e7054
ebay;265a1d6bd3de7c525c64def26a62a60d;i.ebayimg.com;f4febc55ea12b31ae17cfb7e614afda8
ebay;265a1d6bd3de7c525c64def26a62a60d;ir.ebaystatic.com;15af977ce25de452b96affa2addb1036
ebay;265a1d6bd3de7c525c64def26a62a60d;ir.ebaystatic.com;f4febc55ea12b31ae17cfb7e614afda8
ebay;3699415a016a791c23de11293f62f570;i.ebayimg.com;f4febc55ea12b31ae17cfb7e614afda8
ebay;3699415a016a791c23de11293f62f570;p.ebaystatic.com;0dd6cbec8e8bbaa06efa39ff853972dd
ebay;47f35e53d1a53b7b30fb550f7c7fd1d3;i.ebayimg.com;f4febc55ea12b31ae17cfb7e614afda8
ebay;5599b9e67d51125809d82ab1abf8470c;i.ebayimg.com;f4febc55ea12b31ae17cfb7e614afda8
ebay;5599b9e67d51125809d82ab1abf8470c;svcs.ebay.com;eb1d94daa7e0344597e756a1fb6e7054
ebay;59bd25fc4f4f77a73778e09c2a4d85ac;apisd.ebay.com;15af977ce25de452b96affa2addb1036
ebay;59bd25fc4f4f77a73778e09c2a4d85ac;svcs.ebay.com;eb1d94daa7e0344597e756a1fb6e7054
ebay;604314d93041304bc5fb375f5cdd6115;i.ebayimg.com;f4febc55ea12b31ae17cfb7e614afda8
ebay;64b52d9623da011578baa49cf8d044aa;i.ebayimg.com;f4febc55ea12b31ae17cfb7e614afda8
ebay;669af59708da32110884b88a301f3fae;apisd.ebay.com;2253c82f03b621c5144709b393fde2c9
ebay;90681500ef3c6d66c4900f6274c53538;svcs.ebay.com;eb1d94daa7e0344597e756a1fb6e7054
ebay;9d08cf79da41f7976ad8817c54a7dcdb;p.ebaystatic.com;0dd6cbec8e8bbaa06efa39ff853972dd
ebay;a06c7822fe28e49de1a68b898df9fe16;apisd.ebay.com;2253c82f03b621c5144709b393fde2c9
ebay;b4d778dd628337375a88fc1073a51d9f;i.ebayimg.com;f4febc55ea12b31ae17cfb7e614afda8
ebay;b589b16cd1d5f69fe229a0dbfa2b2a89;apisd.ebay.com;15af977ce25de452b96affa2addb1036
ebay;b589b16cd1d5f69fe229a0dbfa2b2a89;i.ebayimg.com;f4febc55ea12b31ae17cfb7e614afda8
ebay;bb5763bd09de241f950460151646db22;rover.ebay.com;2981049aa28c045a550c73180a9bfcaf
ebay;cd54ffb8e6cbbca714eedccebd5e3f48;apisd.ebay.com;15af977ce25de452b96affa2addb1036
ebay;dc4dbd8dc1ed06eecf4d2e669ef6efd2;i.ebayimg.com;f4febc55ea12b31ae17cfb7e614afda8
ebay;f768b46fe06f12e879da9511fa3041c6;apisd.ebay.com;15af977ce25de452b96affa2addb1036
ebay;f9376e8ecde726ac5adbe877ee5a6794;apisd.ebay.com;15af977ce25de452b96affa2addb1036
ebay;f9376e8ecde726ac5adbe877ee5a6794;i.ebayimg.com;f4febc55ea12b31ae17cfb7e614afda8
ebay;ff6c7ad097b7affbcc73855fa7a9afbc;i.ebayimg.com;f4febc55ea12b31ae17cfb7e614afda8
ebay;ffc9df746ce298a6dac6b482a1736ab0;apisd.ebay.com;2253c82f03b621c5144709b393fde2c9
flashscore;26ce8ac42d61ce58f5cd539fb79d41b1;t.flashscore.sk;15af977ce25de452b96affa2addb1036
flashscore;26ce8ac42d61ce58f5cd539fb79d41b1;www.livesport.cz;15af977ce25de452b96affa2addb1036
flashscore;ec531f668e94e25a037dfc9a1ec697dc;t.flashscore.sk;2253c82f03b621c5144709b393fde2c9
flashscore;ec531f668e94e25a037dfc9a1ec697dc;www.livesport.cz;2253c82f03b621c5144709b393fde2c9
ideme_vlakom;0f8268974e233b0b84648508720bfa5c;ikvc.slovakrail.sk;7c865977c9faab00040b10adaac0990c
ideme_vlakom;26ce8ac42d61ce58f5cd539fb79d41b1;app.slovakrail.sk;7c865977c9faab00040b10adaac0990c
ideme_vlakom;26ce8ac42d61ce58f5cd539fb79d41b1;www.slovakrail.sk;15af977ce25de452b96affa2addb1036
ideme_vlakom;26ce8ac42d61ce58f5cd539fb79d41b1;www.zssk.sk;7c865977c9faab00040b10adaac0990c
ideme_vlakom;604314d93041304bc5fb375f5cdd6115;ikvc.slovakrail.sk;7c865977c9faab00040b10adaac0990c
ideme_vlakom;9b65958236eb02e604d3d9f783df94a1;ikvc.slovakrail.sk;7c865977c9faab00040b10adaac0990c
ideme_vlakom;ae5de4ec700f5bd7a6892ea675953c4c;predaj.zssk.sk;7c865977c9faab00040b10adaac0990c
ideme_vlakom;dc4dbd8dc1ed06eecf4d2e669ef6efd2;ikvc.slovakrail.sk;7c865977c9faab00040b10adaac0990c
ideme_vlakom;f297d734356e7c53b496c7329a836f5a;ikvc.slovakrail.sk;7c865977c9faab00040b10adaac0990c
linkedin;04925fc94a0ed4412b38af3dcda0db53;media-exp1.licdn.com;040e57cd679445d961adbb68d4f9873c
linkedin;04925fc94a0ed4412b38af3dcda0db53;media-exp1.licdn.com;15af977ce25de452b96affa2addb1036
linkedin;04925fc94a0ed4412b38af3dcda0db53;www.linkedin.com;78c23e5cac676891c5f192ebf55ee966
linkedin;04925fc94a0ed4412b38af3dcda0db53;www.linkedin.com;f57469a9b836c2aa4d7a0e15900eb667
linkedin;0f8268974e233b0b84648508720bfa5c;dms.licdn.com;15af977ce25de452b96affa2addb1036
linkedin;265a1d6bd3de7c525c64def26a62a60d;media-exp1.licdn.com;040e57cd679445d961adbb68d4f9873c
linkedin;265a1d6bd3de7c525c64def26a62a60d;media-exp1.licdn.com;15af977ce25de452b96affa2addb1036
linkedin;2d57fb59c3109915b0e6ae4f8bebb0d8;realtime.www.linkedin.com;040e57cd679445d961adbb68d4f9873c
linkedin;351a6915dfcbb799069dd55312725a0c;media-exp1.licdn.com;040e57cd679445d961adbb68d4f9873c
linkedin;351a6915dfcbb799069dd55312725a0c;media-exp1.licdn.com;15af977ce25de452b96affa2addb1036
linkedin;351a6915dfcbb799069dd55312725a0c;www.linkedin.com;f57469a9b836c2aa4d7a0e15900eb667
linkedin;604314d93041304bc5fb375f5cdd6115;dms.licdn.com;15af977ce25de452b96affa2addb1036
linkedin;604314d93041304bc5fb375f5cdd6115;media-exp1.licdn.com;040e57cd679445d961adbb68d4f9873c
linkedin;604314d93041304bc5fb375f5cdd6115;media-exp1.licdn.com;15af977ce25de452b96affa2addb1036
linkedin;604314d93041304bc5fb375f5cdd6115;www.linkedin.com;15af977ce25de452b96affa2addb1036
linkedin;604314d93041304bc5fb375f5cdd6115;www.linkedin.com;f57469a9b836c2aa4d7a0e15900eb667
linkedin;64b52d9623da011578baa49cf8d044aa;realtime.www.linkedin.com;040e57cd679445d961adbb68d4f9873c
linkedin;6d31fba7d10c8f9df85ec58baba01360;dms.licdn.com;15af977ce25de452b96affa2addb1036
linkedin;6d31fba7d10c8f9df85ec58baba01360;realtime.www.linkedin.com;040e57cd679445d961adbb68d4f9873c
linkedin;7d50943d017a72c9eb887ac886ce0735;dms.licdn.com;2253c82f03b621c5144709b393fde2c9
linkedin;9b65958236eb02e604d3d9f783df94a1;media-exp1.licdn.com;15af977ce25de452b96affa2addb1036
linkedin;b4d778dd628337375a88fc1073a51d9f;realtime.www.linkedin.com;040e57cd679445d961adbb68d4f9873c
linkedin;bb5763bd09de241f950460151646db22;realtime.www.linkedin.com;040e57cd679445d961adbb68d4f9873c
linkedin;bb5763bd09de241f950460151646db22;www.linkedin.com;f57469a9b836c2aa4d7a0e15900eb667
linkedin;dc4dbd8dc1ed06eecf4d2e669ef6efd2;realtime.www.linkedin.com;040e57cd679445d961adbb68d4f9873c
linkedin;e0565dbbdf80b590f24c9f4e9d015a84;media-exp1.licdn.com;040e57cd679445d961adbb68d4f9873c
linkedin;e0565dbbdf80b590f24c9f4e9d015a84;media-exp1.licdn.com;15af977ce25de452b96affa2addb1036
linkedin;fd14553b7a076808774585789723229b;dms.licdn.com;2253c82f03b621c5144709b393fde2c9
netflix;0b44b61d128e0252a41c1018922f28cb;ipv4-c001-vie001-ix.1.oca.nflxvideo.net;fcb2d4d0991292272fcb1e464eedfd43
netflix;0b44b61d128e0252a41c1018922f28cb;occ-0-1490-1489.1.nflxso.net;fcb2d4d0991292272fcb1e464eedfd43
netflix;1a6020f12256751888c333fc64d77f27;occ-0-1490-1489.1.nflxso.net;fcb2d4d0991292272fcb1e464eedfd43
netflix;1b30e3920b2f3b4f830796894f51d286;occ-0-1490-1489.1.nflxso.net;fcb2d4d0991292272fcb1e464eedfd43
netflix;1b8f91d28acc6a1855a892ae66ea0858;android-h2.prod.ftl.netflix.com;eb1d94daa7e0344597e756a1fb6e7054
netflix;1b8f91d28acc6a1855a892ae66ea0858;ipv4-c006-vie001-ix.1.oca.nflxvideo.net;f4febc55ea12b31ae17cfb7e614afda8
netflix;1b8f91d28acc6a1855a892ae66ea0858;ipv4-c038-vie001-ix.1.oca.nflxvideo.net;f4febc55ea12b31ae17cfb7e614afda8
netflix;1b8f91d28acc6a1855a892ae66ea0858;ipv4-c044-fra002-ix.1.oca.nflxvideo.net;f4febc55ea12b31ae17cfb7e614afda8
netflix;1b8f91d28acc6a1855a892ae66ea0858;ipv4-c050-vie001-ix.1.oca.nflxvideo.net;f4febc55ea12b31ae17cfb7e614afda8
netflix;1b8f91d28acc6a1855a892ae66ea0858;ipv4-c083-fra002-ix.1.oca.nflxvideo.net;f4febc55ea12b31ae17cfb7e614afda8
netflix;1b8f91d28acc6a1855a892ae66ea0858;occ-0-1490-1489.1.nflxso.net;f4febc55ea12b31ae17cfb7e614afda8
netflix;1dfd5869ffeef348432c693c1ba94095;ipv4-c001-vie001-ix.1.oca.nflxvideo.net;f4febc55ea12b31ae17cfb7e614afda8
netflix;1dfd5869ffeef348432c693c1ba94095;ipv4-c008-vie001-ix.1.oca.nflxvideo.net;f4febc55ea12b31ae17cfb7e614afda8
netflix;1dfd5869ffeef348432c693c1ba94095;ipv4-c018-vie001-ix.1.oca.nflxvideo.net;f4febc55ea12b31ae17cfb7e614afda8
netflix;1dfd5869ffeef348432c693c1ba94095;ipv4-c039-vie001-ix.1.oca.nflxvideo.net;f4febc55ea12b31ae17cfb7e614afda8
netflix;1dfd5869ffeef348432c693c1ba94095;ipv4-c044-fra002-ix.1.oca.nflxvideo.net;f4febc55ea12b31ae17cfb7e614afda8
netflix;1dfd5869ffeef348432c693c1ba94095;ipv4-c046-vie001-ix.1.oca.nflxvideo.net;f4febc55ea12b31ae17cfb7e614afda8
netflix;1dfd5869ffeef348432c693c1ba94095;ipv4-c068-fra002-ix.1.oca.nflxvideo.net;f4febc55ea12b31ae17cfb7e614afda8
netflix;1dfd5869ffeef348432c693c1ba94095;ipv4-c087-fra002-ix.1.oca.nflxvideo.net;f4febc55ea12b31ae17cfb7e614afda8
netflix;1dfd5869ffeef348432c693c1ba94095;ipv4-c089-fra002-ix.1.oca.nflxvideo.net;f4febc55ea12b31ae17cfb7e614afda8
netflix;1dfd5869ffeef348432c693c1ba94095;occ-0-1490-1489.1.nflxso.net;f4febc55ea12b31ae17cfb7e614afda8
netflix;22fe7fd9b23471c0225f329727b87003;android-appboot.netflix.com;70745099b394fe3f42264227c098cc98
netflix;22fe7fd9b23471c0225f329727b87003;ipv4-c043-fra002-ix.1.oca.nflxvideo.net;f4febc55ea12b31ae17cfb7e614afda8
netflix;22fe7fd9b23471c0225f329727b87003;ipv4-c048-vie001-ix.1.oca.nflxvideo.net;f4febc55ea12b31ae17cfb7e614afda8
netflix;22fe7fd9b23471c0225f329727b87003;ipv4-c051-vie001-ix.1.oca.nflxvideo.net;f4febc55ea12b31ae17cfb7e614afda8
netflix;22fe7fd9b23471c0225f329727b87003;ipv4-c055-vie001-ix.1.oca.nflxvideo.net;f4febc55ea12b31ae17cfb7e614afda8
netflix;3699415a016a791c23de11293f62f570;android-appboot.netflix.com;70745099b394fe3f42264227c098cc98
netflix;3699415a016a791c23de11293f62f570;ipv4-c021-vie001-ix.1.oca.nflxvideo.net;f4febc55ea12b31ae17cfb7e614afda8
netflix;3699415a016a791c23de11293f62f570;ipv4-c049-vie001-ix.1.oca.nflxvideo.net;f4febc55ea12b31ae17cfb7e614afda8
netflix;3699415a016a791c23de11293f62f570;ipv4-c087-fra002-ix.1.oca.nflxvideo.net;f4febc55ea12b31ae17cfb7e614afda8
netflix;3699415a016a791c23de11293f62f570;ipv4-c089-fra002-ix.1.oca.nflxvideo.net;f4febc55ea12b31ae17cfb7e614afda8
netflix;3699415a016a791c23de11293f62f570;occ-0-1490-1489.1.nflxso.net;f4febc55ea12b31ae17cfb7e614afda8
netflix;47f35e53d1a53b7b30fb550f7c7fd1d3;android-h2.prod.ftl.netflix.com;eb1d94daa7e0344597e756a1fb6e7054
netflix;47f35e53d1a53b7b30fb550f7c7fd1d3;android.prod.cloud.netflix.com;eb1d94daa7e0344597e756a1fb6e7054
netflix;47f35e53d1a53b7b30fb550f7c7fd1d3;ipv4-c022-vie001-ix.1.oca.nflxvideo.net;f4febc55ea12b31ae17cfb7e614afda8
netflix;47f35e53d1a53b7b30fb550f7c7fd1d3;occ-0-1490-1489.1.nflxso.net;f4febc55ea12b31ae17cfb7e614afda8
netflix;48ca7787aeaa9fbb83bff430cd7d6090;occ-0-1490-1489.1.nflxso.net;fcb2d4d0991292272fcb1e464eedfd43
netflix;5599b9e67d51125809d82ab1abf8470c;ipv4-c002-vie001-ix.1.oca.nflxvideo.net;f4febc55ea12b31ae17cfb7e614afda8
netflix;5599b9e67d51125809d82ab1abf8470c;ipv4-c028-vie001-ix.1.oca.nflxvideo.net;f4febc55ea12b31ae17cfb7e614afda8
netflix;5599b9e67d51125809d82ab1abf8470c;ipv4-c055-vie001-ix.1.oca.nflxvideo.net;f4febc55ea12b31ae17cfb7e614afda8
netflix;5599b9e67d51125809d82ab1abf8470c;ipv4-c058-vie001-ix.1.oca.nflxvideo.net;f4febc55ea12b31ae17cfb7e614afda8
netflix;5599b9e67d51125809d82ab1abf8470c;ipv4-c092-fra002-ix.1.oca.nflxvideo.net;f4febc55ea12b31ae17cfb7e614afda8
netflix;5599b9e67d51125809d82ab1abf8470c;occ-0-1490-1489.1.nflxso.net;f4febc55ea12b31ae17cfb7e614afda8
netflix;59bd25fc4f4f77a73778e09c2a4d85ac;android-appboot.netflix.com;70745099b394fe3f42264227c098cc98
netflix;59bd25fc4f4f77a73778e09c2a4d85ac;android.prod.cloud.netflix.com;eb1d94daa7e0344597e756a1fb6e7054
netflix;59bd25fc4f4f77a73778e09c2a4d85ac;h1-scm.prod.ftl.netflix.com;f4febc55ea12b31ae17cfb7e614afda8
netflix;59bd25fc4f4f77a73778e09c2a4d85ac;ipv4-c011-fra002-dev-ix.1.oca.nflxvideo.net;f4febc55ea12b31ae17cfb7e614afda8
netflix;59bd25fc4f4f77a73778e09c2a4d85ac;ipv4-c016-vie001-ix.1.oca.nflxvideo.net;f4febc55ea12b31ae17cfb7e614afda8
netflix;59bd25fc4f4f77a73778e09c2a4d85ac;ipv4-c034-fra002-ix.1.oca.nflxvideo.net;f4febc55ea12b31ae17cfb7e614afda8
netflix;59bd25fc4f4f77a73778e09c2a4d85ac;ipv4-c036-vie001-ix.1.oca.nflxvideo.net;f4febc55ea12b31ae17cfb7e614afda8
netflix;59bd25fc4f4f77a73778e09c2a4d85ac;ipv4-c046-vie001-ix.1.oca.nflxvideo.net;f4febc55ea12b31ae17cfb7e614afda8
netflix;59bd25fc4f4f77a73778e09c2a4d85ac;ipv4-c105-fra002-ix.1.oca.nflxvideo.net;f4febc55ea12b31ae17cfb7e614afda8
netflix;59bd25fc4f4f77a73778e09c2a4d85ac;occ-0-1490-1489.1.nflxso.net;f4febc55ea12b31ae17cfb7e614afda8
netflix;75e74326b0481ebc895ff1c50698179d;ipv4-c015-vie001-ix.1.oca.nflxvideo.net;fcb2d4d0991292272fcb1e464eedfd43
netflix;75e74326b0481ebc895ff1c50698179d;occ-0-1490-1489.1.nflxso.net;fcb2d4d0991292272fcb1e464eedfd43
netflix;90681500ef3c6d66c4900f6274c53538;h1-scm.prod.ftl.netflix.com;f4febc55ea12b31ae17cfb7e614afda8
netflix;90681500ef3c6d66c4900f6274c53538;ipv4-c002-vie001-ix.1.oca.nflxvideo.net;f4febc55ea12b31ae17cfb7e614afda8
netflix;90681500ef3c6d66c4900f6274c53538;ipv4-c089-fra002-ix.1.oca.nflxvideo.net;f4febc55ea12b31ae17cfb7e614afda8
netflix;90681500ef3c6d66c4900f6274c53538;ipv4-c092-fra002-ix.1.oca.nflxvideo.net;f4febc55ea12b31ae17cfb7e614afda8
netflix;90681500ef3c6d66c4900f6274c53538;occ-0-1490-1489.1.nflxso.net;f4febc55ea12b31ae17cfb7e614afda8
netflix;9d08cf79da41f7976ad8817c54a7dcdb;android-h2.prod.ftl.netflix.com;eb1d94daa7e0344597e756a1fb6e7054
netflix;9d08cf79da41f7976ad8817c54a7dcdb;ipv4-c006-vie001-ix.1.oca.nflxvideo.net;f4febc55ea12b31ae17cfb7e614afda8
netflix;9d08cf79da41f7976ad8817c54a7dcdb;ipv4-c014-vie001-ix.1.oca.nflxvideo.net;f4febc55ea12b31ae17cfb7e614afda8
netflix;9d08cf79da41f7976ad8817c54a7dcdb;ipv4-c015-vie001-ix.1.oca.nflxvideo.net;f4febc55ea12b31ae17cfb7e614afda8
netflix;9d08cf79da41f7976ad8817c54a7dcdb;ipv4-c018-vie001-ix.1.oca.nflxvideo.net;f4febc55ea12b31ae17cfb7e614afda8
netflix;9d08cf79da41f7976ad8817c54a7dcdb;ipv4-c036-fra002-ix.1.oca.nflxvideo.net;f4febc55ea12b31ae17cfb7e614afda8
netflix;9d08cf79da41f7976ad8817c54a7dcdb;ipv4-c043-fra002-ix.1.oca.nflxvideo.net;f4febc55ea12b31ae17cfb7e614afda8
netflix;9d08cf79da41f7976ad8817c54a7dcdb;ipv4-c044-vie001-ix.1.oca.nflxvideo.net;f4febc55ea12b31ae17cfb7e614afda8
netflix;9d08cf79da41f7976ad8817c54a7dcdb;ipv4-c049-vie001-ix.1.oca.nflxvideo.net;f4febc55ea12b31ae17cfb7e614afda8
netflix;9d08cf79da41f7976ad8817c54a7dcdb;ipv4-c055-vie001-ix.1.oca.nflxvideo.net;f4febc55ea12b31ae17cfb7e614afda8
netflix;9d08cf79da41f7976ad8817c54a7dcdb;ipv4-c068-fra002-ix.1.oca.nflxvideo.net;f4febc55ea12b31ae17cfb7e614afda8
netflix;9d08cf79da41f7976ad8817c54a7dcdb;ipv4-c083-fra002-ix.1.oca.nflxvideo.net;f4febc55ea12b31ae17cfb7e614afda8
netflix;9d08cf79da41f7976ad8817c54a7dcdb;ipv4-c105-fra002-ix.1.oca.nflxvideo.net;f4febc55ea12b31ae17cfb7e614afda8
netflix;a06c7822fe28e49de1a68b898df9fe16;ipv4-c092-fra002-ix.1.oca.nflxvideo.net;fcb2d4d0991292272fcb1e464eedfd43
netflix;a6dd15baa7057ce6fb078d70b0d385d8;ipv4-c092-fra002-ix.1.oca.nflxvideo.net;fcb2d4d0991292272fcb1e464eedfd43
netflix;b061a60780cbb3db7113af5a31ed5b6f;ipv4-c006-vie001-ix.1.oca.nflxvideo.net;fcb2d4d0991292272fcb1e464eedfd43
netflix;b061a60780cbb3db7113af5a31ed5b6f;ipv4-c039-vie001-ix.1.oca.nflxvideo.net;fcb2d4d0991292272fcb1e464eedfd43
netflix;b061a60780cbb3db7113af5a31ed5b6f;ipv4-c083-fra002-ix.1.oca.nflxvideo.net;fcb2d4d0991292272fcb1e464eedfd43
netflix;b061a60780cbb3db7113af5a31ed5b6f;occ-0-1490-1489.1.nflxso.net;fcb2d4d0991292272fcb1e464eedfd43
netflix;b2492b50d5b2645def829414c0978401;ipv4-c001-vie001-ix.1.oca.nflxvideo.net;fcb2d4d0991292272fcb1e464eedfd43
netflix;b589b16cd1d5f69fe229a0dbfa2b2a89;ipv4-c002-fra002-dev-ix.1.oca.nflxvideo.net;f4febc55ea12b31ae17cfb7e614afda8
netflix;b589b16cd1d5f69fe229a0dbfa2b2a89;ipv4-c007-vie001-ix.1.oca.nflxvideo.net;f4febc55ea12b31ae17cfb7e614afda8
netflix;b589b16cd1d5f69fe229a0dbfa2b2a89;ipv4-c013-vie001-ix.1.oca.nflxvideo.net;f4febc55ea12b31ae17cfb7e614afda8
netflix;b589b16cd1d5f69fe229a0dbfa2b2a89;ipv4-c014-fra002-ix.1.oca.nflxvideo.net;f4febc55ea12b31ae17cfb7e614afda8
netflix;b589b16cd1d5f69fe229a0dbfa2b2a89;ipv4-c017-vie001-ix.1.oca.nflxvideo.net;f4febc55ea12b31ae17cfb7e614afda8
netflix;b589b16cd1d5f69fe229a0dbfa2b2a89;ipv4-c024-vie001-ix.1.oca.nflxvideo.net;f4febc55ea12b31ae17cfb7e614afda8
netflix;b589b16cd1d5f69fe229a0dbfa2b2a89;ipv4-c036-fra002-ix.1.oca.nflxvideo.net;f4febc55ea12b31ae17cfb7e614afda8
netflix;b589b16cd1d5f69fe229a0dbfa2b2a89;occ-0-1490-1489.1.nflxso.net;f4febc55ea12b31ae17cfb7e614afda8
netflix;c1cf83ac1b475c457d5a33bce028917c;ipv4-c002-fra002-dev-ix.1.oca.nflxvideo.net;f4febc55ea12b31ae17cfb7e614afda8
netflix;c1cf83ac1b475c457d5a33bce028917c;ipv4-c041-vie001-ix.1.oca.nflxvideo.net;f4febc55ea12b31ae17cfb7e614afda8
netflix;c1cf83ac1b475c457d5a33bce028917c;ipv4-c042-fra002-ix.1.oca.nflxvideo.net;f4febc55ea12b31ae17cfb7e614afda8
netflix;c1cf83ac1b475c457d5a33bce028917c;ipv4-c055-vie001-ix.1.oca.nflxvideo.net;f4febc55ea12b31ae17cfb7e614afda8
netflix;c1cf83ac1b475c457d5a33bce028917c;ipv4-c056-vie001-ix.1.oca.nflxvideo.net;f4febc55ea12b31ae17cfb7e614afda8
netflix;c26f1c6c8a8bda47c40bf31f469e6950;android-h2.prod.ftl.netflix.com;eb1d94daa7e0344597e756a1fb6e7054
netflix;c26f1c6c8a8bda47c40bf31f469e6950;ipv4-c017-vie001-ix.1.oca.nflxvideo.net;f4febc55ea12b31ae17cfb7e614afda8
netflix;c26f1c6c8a8bda47c40bf31f469e6950;ipv4-c020-vie001-ix.1.oca.nflxvideo.net;f4febc55ea12b31ae17cfb7e614afda8
netflix;c26f1c6c8a8bda47c40bf31f469e6950;ipv4-c038-vie001-ix.1.oca.nflxvideo.net;f4febc55ea12b31ae17cfb7e614afda8
netflix;c26f1c6c8a8bda47c40bf31f469e6950;ipv4-c040-vie001-ix.1.oca.nflxvideo.net;f4febc55ea12b31ae17cfb7e614afda8
netflix;c26f1c6c8a8bda47c40bf31f469e6950;ipv4-c049-vie001-ix.1.oca.nflxvideo.net;f4febc55ea12b31ae17cfb7e614afda8
netflix;c26f1c6c8a8bda47c40bf31f469e6950;ipv4-c055-vie001-ix.1.oca.nflxvideo.net;f4febc55ea12b31ae17cfb7e614afda8
netflix;c26f1c6c8a8bda47c40bf31f469e6950;occ-0-1490-1489.1.nflxso.net;f4febc55ea12b31ae17cfb7e614afda8
netflix;c75beda36b9929de739f513c37c24b8a;occ-0-1490-1489.1.nflxso.net;fcb2d4d0991292272fcb1e464eedfd43
netflix;cd54ffb8e6cbbca714eedccebd5e3f48;android-appboot.netflix.com;70745099b394fe3f42264227c098cc98
netflix;cd54ffb8e6cbbca714eedccebd5e3f48;h2-scm.prod.ftl.netflix.com;f4febc55ea12b31ae17cfb7e614afda8
netflix;cd54ffb8e6cbbca714eedccebd5e3f48;ipv4-c006-vie001-ix.1.oca.nflxvideo.net;f4febc55ea12b31ae17cfb7e614afda8
netflix;cd54ffb8e6cbbca714eedccebd5e3f48;ipv4-c021-vie001-ix.1.oca.nflxvideo.net;f4febc55ea12b31ae17cfb7e614afda8
netflix;cd54ffb8e6cbbca714eedccebd5e3f48;ipv4-c035-vie001-ix.1.oca.nflxvideo.net;f4febc55ea12b31ae17cfb7e614afda8
netflix;cd54ffb8e6cbbca714eedccebd5e3f48;occ-0-1490-1489.1.nflxso.net;f4febc55ea12b31ae17cfb7e614afda8
netflix;d5fe500bd90b38cead222ff2b0b2f379;ipv4-c009-vie001-ix.1.oca.nflxvideo.net;fcb2d4d0991292272fcb1e464eedfd43
netflix;d5fe500bd90b38cead222ff2b0b2f379;ipv4-c083-fra002-ix.1.oca.nflxvideo.net;fcb2d4d0991292272fcb1e464eedfd43
netflix;f768b46fe06f12e879da9511fa3041c6;android-appboot.netflix.com;70745099b394fe3f42264227c098cc98
netflix;f768b46fe06f12e879da9511fa3041c6;android.prod.cloud.netflix.com;eb1d94daa7e0344597e756a1fb6e7054
netflix;f768b46fe06f12e879da9511fa3041c6;ipv4-c002-fra002-dev-ix.1.oca.nflxvideo.net;f4febc55ea12b31ae17cfb7e614afda8
netflix;f768b46fe06f12e879da9511fa3041c6;ipv4-c022-vie001-ix.1.oca.nflxvideo.net;f4febc55ea12b31ae17cfb7e614afda8
netflix;f768b46fe06f12e879da9511fa3041c6;ipv4-c028-vie001-ix.1.oca.nflxvideo.net;f4febc55ea12b31ae17cfb7e614afda8
netflix;f768b46fe06f12e879da9511fa3041c6;ipv4-c031-vie001-ix.1.oca.nflxvideo.net;f4febc55ea12b31ae17cfb7e614afda8
netflix;f768b46fe06f12e879da9511fa3041c6;ipv4-c038-vie001-ix.1.oca.nflxvideo.net;f4febc55ea12b31ae17cfb7e614afda8
netflix;f768b46fe06f12e879da9511fa3041c6;ipv4-c039-vie001-ix.1.oca.nflxvideo.net;f4febc55ea12b31ae17cfb7e614afda8
netflix;f768b46fe06f12e879da9511fa3041c6;ipv4-c040-vie001-ix.1.oca.nflxvideo.net;f4febc55ea12b31ae17cfb7e614afda8
netflix;f768b46fe06f12e879da9511fa3041c6;ipv4-c041-vie001-ix.1.oca.nflxvideo.net;f4febc55ea12b31ae17cfb7e614afda8
netflix;f768b46fe06f12e879da9511fa3041c6;ipv4-c046-vie001-ix.1.oca.nflxvideo.net;f4febc55ea12b31ae17cfb7e614afda8
netflix;f768b46fe06f12e879da9511fa3041c6;ipv4-c050-vie001-ix.1.oca.nflxvideo.net;f4febc55ea12b31ae17cfb7e614afda8
netflix;f768b46fe06f12e879da9511fa3041c6;ipv4-c087-fra002-ix.1.oca.nflxvideo.net;f4febc55ea12b31ae17cfb7e614afda8
netflix;f768b46fe06f12e879da9511fa3041c6;ipv4-c105-fra002-ix.1.oca.nflxvideo.net;f4febc55ea12b31ae17cfb7e614afda8
netflix;f9376e8ecde726ac5adbe877ee5a6794;android-appboot.netflix.com;70745099b394fe3f42264227c098cc98
netflix;f9376e8ecde726ac5adbe877ee5a6794;h2-scm.prod.ftl.netflix.com;f4febc55ea12b31ae17cfb7e614afda8
netflix;f9376e8ecde726ac5adbe877ee5a6794;ipv4-c006-vie001-ix.1.oca.nflxvideo.net;f4febc55ea12b31ae17cfb7e614afda8
netflix;f9376e8ecde726ac5adbe877ee5a6794;ipv4-c009-vie001-ix.1.oca.nflxvideo.net;f4febc55ea12b31ae17cfb7e614afda8
netflix;f9376e8ecde726ac5adbe877ee5a6794;ipv4-c013-vie001-ix.1.oca.nflxvideo.net;f4febc55ea12b31ae17cfb7e614afda8
netflix;f9376e8ecde726ac5adbe877ee5a6794;ipv4-c020-vie001-ix.1.oca.nflxvideo.net;f4febc55ea12b31ae17cfb7e614afda8
netflix;f9376e8ecde726ac5adbe877ee5a6794;ipv4-c034-fra002-ix.1.oca.nflxvideo.net;f4febc55ea12b31ae17cfb7e614afda8
netflix;f9376e8ecde726ac5adbe877ee5a6794;ipv4-c044-fra002-ix.1.oca.nflxvideo.net;f4febc55ea12b31ae17cfb7e614afda8
netflix;f9376e8ecde726ac5adbe877ee5a6794;ipv4-c055-vie001-ix.1.oca.nflxvideo.net;f4febc55ea12b31ae17cfb7e614afda8
netflix;f9376e8ecde726ac5adbe877ee5a6794;ipv4-c058-vie001-ix.1.oca.nflxvideo.net;f4febc55ea12b31ae17cfb7e614afda8
netflix;f9376e8ecde726ac5adbe877ee5a6794;ipv4-c128-fra002-ix.1.oca.nflxvideo.net;f4febc55ea12b31ae17cfb7e614afda8
netflix;f9376e8ecde726ac5adbe877ee5a6794;ipv4-c134-fra002-ix.1.oca.nflxvideo.net;f4febc55ea12b31ae17cfb7e614afda8
netflix;f9376e8ecde726ac5adbe877ee5a6794;occ-0-1490-1489.1.nflxso.net;f4febc55ea12b31ae17cfb7e614afda8
netflix;ff6c7ad097b7affbcc73855fa7a9afbc;android.prod.cloud.netflix.com;eb1d94daa7e0344597e756a1fb6e7054
netflix;ff6c7ad097b7affbcc73855fa7a9afbc;ipv4-c024-vie001-ix.1.oca.nflxvideo.net;f4febc55ea12b31ae17cfb7e614afda8
netflix;ff6c7ad097b7affbcc73855fa7a9afbc;ipv4-c041-vie001-ix.1.oca.nflxvideo.net;f4febc55ea12b31ae17cfb7e614afda8
netflix;ff6c7ad097b7affbcc73855fa7a9afbc;ipv4-c055-vie001-ix.1.oca.nflxvideo.net;f4febc55ea12b31ae17cfb7e614afda8
reddit;26ce8ac42d61ce58f5cd539fb79d41b1;accounts.reddit.com;05c6c275b10b37e3d5561f48e80d659c
reddit;26ce8ac42d61ce58f5cd539fb79d41b1;alb.reddit.com;05c6c275b10b37e3d5561f48e80d659c
reddit;26ce8ac42d61ce58f5cd539fb79d41b1;b.thumbs.redditmedia.com;05c6c275b10b37e3d5561f48e80d659c
reddit;26ce8ac42d61ce58f5cd539fb79d41b1;b.thumbs.redditmedia.com;af830039016ecfd26e620b69f9a3bc14
reddit;26ce8ac42d61ce58f5cd539fb79d41b1;e.reddit.com;05c6c275b10b37e3d5561f48e80d659c
reddit;26ce8ac42d61ce58f5cd539fb79d41b1;e.reddit.com;af830039016ecfd26e620b69f9a3bc14
reddit;26ce8ac42d61ce58f5cd539fb79d41b1;emoji.redditmedia.com;05c6c275b10b37e3d5561f48e80d659c
reddit;26ce8ac42d61ce58f5cd539fb79d41b1;external-preview.redd.it;05c6c275b10b37e3d5561f48e80d659c
reddit;26ce8ac42d61ce58f5cd539fb79d41b1;external-preview.redd.it;af830039016ecfd26e620b69f9a3bc14
reddit;26ce8ac42d61ce58f5cd539fb79d41b1;gql.reddit.com;05c6c275b10b37e3d5561f48e80d659c
reddit;26ce8ac42d61ce58f5cd539fb79d41b1;oauth.reddit.com;05c6c275b10b37e3d5561f48e80d659c
reddit;26ce8ac42d61ce58f5cd539fb79d41b1;oauth.reddit.com;af830039016ecfd26e620b69f9a3bc14
reddit;26ce8ac42d61ce58f5cd539fb79d41b1;preview.redd.it;05c6c275b10b37e3d5561f48e80d659c
reddit;26ce8ac42d61ce58f5cd539fb79d41b1;preview.redd.it;af830039016ecfd26e620b69f9a3bc14
reddit;26ce8ac42d61ce58f5cd539fb79d41b1;s.reddit.com;05c6c275b10b37e3d5561f48e80d659c
reddit;26ce8ac42d61ce58f5cd539fb79d41b1;sendbirdproxyk8s.chat.redditmedia.com;70745099b394fe3f42264227c098cc98
reddit;26ce8ac42d61ce58f5cd539fb79d41b1;sendbirdproxyk8s.chat.redditmedia.com;a218bea95e79bb5b882e92b8a82d26c6
reddit;26ce8ac42d61ce58f5cd539fb79d41b1;strapi.reddit.com;05c6c275b10b37e3d5561f48e80d659c
reddit;26ce8ac42d61ce58f5cd539fb79d41b1;styles.redditmedia.com;05c6c275b10b37e3d5561f48e80d659c
reddit;26ce8ac42d61ce58f5cd539fb79d41b1;styles.redditmedia.com;af830039016ecfd26e620b69f9a3bc14
reddit;26ce8ac42d61ce58f5cd539fb79d41b1;v.redd.it;05c6c275b10b37e3d5561f48e80d659c
reddit;26ce8ac42d61ce58f5cd539fb79d41b1;v.redd.it;af830039016ecfd26e620b69f9a3bc14
reddit;26ce8ac42d61ce58f5cd539fb79d41b1;www.redditstatic.com;05c6c275b10b37e3d5561f48e80d659c
reddit;26ce8ac42d61ce58f5cd539fb79d41b1;www.redditstatic.com;af830039016ecfd26e620b69f9a3bc14
reddit;3a6e6735bc423c7c3ba06bc609e05d00;preview.redd.it;05c6c275b10b37e3d5561f48e80d659c
reddit;3a6e6735bc423c7c3ba06bc609e05d00;preview.redd.it;af830039016ecfd26e620b69f9a3bc14
reddit;3a6e6735bc423c7c3ba06bc609e05d00;v.redd.it;05c6c275b10b37e3d5561f48e80d659c
reddit;3a6e6735bc423c7c3ba06bc609e05d00;v.redd.it;af830039016ecfd26e620b69f9a3bc14
reddit;3a6e6735bc423c7c3ba06bc609e05d00;watch.redd.it;05c6c275b10b37e3d5561f48e80d659c
reddit;3a6e6735bc423c7c3ba06bc609e05d00;watch.redd.it;af830039016ecfd26e620b69f9a3bc14
twitch;0529055d554c9da011b745452211c296;production.assets.clips.twitchcdn.net;97da4430447d2f20313f4c2c4241a6ca
twitch;0529055d554c9da011b745452211c296;video-edge-748188.prg02.abs.hls.ttvnw.net;5f4fc3d0b4324bf7241391c14aefb248
twitch;0529055d554c9da011b745452211c296;video-edge-748358.prg02.abs.hls.ttvnw.net;5f4fc3d0b4324bf7241391c14aefb248
twitch;0529055d554c9da011b745452211c296;video-edge-748650.prg02.abs.hls.ttvnw.net;5f4fc3d0b4324bf7241391c14aefb248
twitch;0529055d554c9da011b745452211c296;video-edge-748680.prg02.abs.hls.ttvnw.net;5f4fc3d0b4324bf7241391c14aefb248
twitch;0529055d554c9da011b745452211c296;video-edge-7489cc.prg02.abs.hls.ttvnw.net;5f4fc3d0b4324bf7241391c14aefb248
twitch;0529055d554c9da011b745452211c296;video-edge-748b50.prg02.abs.hls.ttvnw.net;5f4fc3d0b4324bf7241391c14aefb248
twitch;0529055d554c9da011b745452211c296;video-edge-748bac.prg02.abs.hls.ttvnw.net;5f4fc3d0b4324bf7241391c14aefb248
twitch;0529055d554c9da011b745452211c296;video-edge-748bd0.prg02.abs.hls.ttvnw.net;5f4fc3d0b4324bf7241391c14aefb248
twitch;0529055d554c9da011b745452211c296;video-edge-748de0.prg02.abs.hls.ttvnw.net;5f4fc3d0b4324bf7241391c14aefb248
twitch;0529055d554c9da011b745452211c296;video-edge-7492d4.prg02.abs.hls.ttvnw.net;5f4fc3d0b4324bf7241391c14aefb248
twitch;0529055d554c9da011b745452211c296;video-edge-74943c.prg02.abs.hls.ttvnw.net;5f4fc3d0b4324bf7241391c14aefb248
twitch;0529055d554c9da011b745452211c296;video-weaver.prg02.hls.ttvnw.net;a218bea95e79bb5b882e92b8a82d26c6
twitch;193c522402283ed9e84b8bb38137829f;twitch.prod.entry.video-ads.a2z.com;63e52bc7fad2412bc978cba20c311190
twitch;26ce8ac42d61ce58f5cd539fb79d41b1;api.twitch.tv;f4febc55ea12b31ae17cfb7e614afda8
twitch;26ce8ac42d61ce58f5cd539fb79d41b1;clips-media-assets2.twitch.tv;f4febc55ea12b31ae17cfb7e614afda8
twitch;26ce8ac42d61ce58f5cd539fb79d41b1;extensions-discovery-images.twitch.tv;f4febc55ea12b31ae17cfb7e614afda8
twitch;26ce8ac42d61ce58f5cd539fb79d41b1;gql.twitch.tv;f4febc55ea12b31ae17cfb7e614afda8
twitch;26ce8ac42d61ce58f5cd539fb79d41b1;panels-images.twitch.tv;f4febc55ea12b31ae17cfb7e614afda8
twitch;26ce8ac42d61ce58f5cd539fb79d41b1;spade.twitch.tv;20c4fa904f1b77fd5e65084838cdfb5a
twitch;26ce8ac42d61ce58f5cd539fb79d41b1;static.twitchcdn.net;f4febc55ea12b31ae17cfb7e614afda8
twitch;26ce8ac42d61ce58f5cd539fb79d41b1;usher.ttvnw.net;174e7e4992a63f6d419626d97363adb8
twitch;26ce8ac42d61ce58f5cd539fb79d41b1;usher.ttvnw.net;a218bea95e79bb5b882e92b8a82d26c6
twitch;26ce8ac42d61ce58f5cd539fb79d41b1;video-edge-21aea0.pdx01.abs.hls.ttvnw.net;20c4fa904f1b77fd5e65084838cdfb5a
twitch;26ce8ac42d61ce58f5cd539fb79d41b1;video-edge-ead974.pdx01.abs.hls.ttvnw.net;20c4fa904f1b77fd5e65084838cdfb5a
twitch;26ce8ac42d61ce58f5cd539fb79d41b1;vod-secure.twitch.tv;f4febc55ea12b31ae17cfb7e614afda8
twitch;3d9a16cdc1b2a98f6046af1c833054b8;irc-ws.chat.twitch.tv;70745099b394fe3f42264227c098cc98
twitch;3d9a16cdc1b2a98f6046af1c833054b8;pubsub-edge.twitch.tv;70745099b394fe3f42264227c098cc98
twitch;83c2a7c7f977a238241c32ea5b38467d;video-edge-748650.prg02.abs.hls.ttvnw.net;70745099b394fe3f42264227c098cc98
twitch;83c2a7c7f977a238241c32ea5b38467d;video-edge-748bd0.prg02.abs.hls.ttvnw.net;70745099b394fe3f42264227c098cc98
twitch;83c2a7c7f977a238241c32ea5b38467d;video-weaver.prg02.hls.ttvnw.net;174e7e4992a63f6d419626d97363adb8
twitch;ab34b91cb1a47de756d5fe2e565850e2;gql.twitch.tv;fcb2d4d0991292272fcb1e464eedfd43
twitch;e1330d9d9c9fe3586c1c8c08ffedf63e;video-edge-ead974.pdx01.abs.hls.ttvnw.net;896415616b22361262d7a961b6325cfd
twitter;26ce8ac42d61ce58f5cd539fb79d41b1;abs.twimg.com;15af977ce25de452b96affa2addb1036
twitter;26ce8ac42d61ce58f5cd539fb79d41b1;abs.twimg.com;eb1d94daa7e0344597e756a1fb6e7054
twitter;26ce8ac42d61ce58f5cd539fb79d41b1;accounts.reddit.com;af830039016ecfd26e620b69f9a3bc14
twitter;26ce8ac42d61ce58f5cd539fb79d41b1;api-0-4-3.twitter.com;182b31efa088c7665b13d7d04d80fef0
twitter;26ce8ac42d61ce58f5cd539fb79d41b1;api-0-4-3.twitter.com;20c4fa904f1b77fd5e65084838cdfb5a
twitter;26ce8ac42d61ce58f5cd539fb79d41b1;api-0-4-6.twitter.com;20c4fa904f1b77fd5e65084838cdfb5a
twitter;26ce8ac42d61ce58f5cd539fb79d41b1;api-0-4-6.twitter.com;4504e8d0495298feb931ec7e09f94bcc
twitter;26ce8ac42d61ce58f5cd539fb79d41b1;api-1-0-0.twitter.com;20c4fa904f1b77fd5e65084838cdfb5a
twitter;26ce8ac42d61ce58f5cd539fb79d41b1;api-21-0-0.twitter.com;20c4fa904f1b77fd5e65084838cdfb5a
twitter;26ce8ac42d61ce58f5cd539fb79d41b1;api-23-0-0.twitter.com;20c4fa904f1b77fd5e65084838cdfb5a
twitter;26ce8ac42d61ce58f5cd539fb79d41b1;api-24-0-0.twitter.com;20c4fa904f1b77fd5e65084838cdfb5a
twitter;26ce8ac42d61ce58f5cd539fb79d41b1;api-26-0-0.twitter.com;20c4fa904f1b77fd5e65084838cdfb5a
twitter;26ce8ac42d61ce58f5cd539fb79d41b1;api-36-0-0.twitter.com;20c4fa904f1b77fd5e65084838cdfb5a
twitter;26ce8ac42d61ce58f5cd539fb79d41b1;api-36-0-0.twitter.com;4504e8d0495298feb931ec7e09f94bcc
twitter;26ce8ac42d61ce58f5cd539fb79d41b1;api-41-0-0.twitter.com;20c4fa904f1b77fd5e65084838cdfb5a
twitter;26ce8ac42d61ce58f5cd539fb79d41b1;api-45-0-0.twitter.com;20c4fa904f1b77fd5e65084838cdfb5a
twitter;26ce8ac42d61ce58f5cd539fb79d41b1;api-46-0-0.twitter.com;20c4fa904f1b77fd5e65084838cdfb5a
twitter;26ce8ac42d61ce58f5cd539fb79d41b1;api-stream.twitter.com;20c4fa904f1b77fd5e65084838cdfb5a
twitter;26ce8ac42d61ce58f5cd539fb79d41b1;api.twitter.com;182b31efa088c7665b13d7d04d80fef0
twitter;26ce8ac42d61ce58f5cd539fb79d41b1;api.twitter.com;20c4fa904f1b77fd5e65084838cdfb5a
twitter;26ce8ac42d61ce58f5cd539fb79d41b1;api.twitter.com;4504e8d0495298feb931ec7e09f94bcc
twitter;26ce8ac42d61ce58f5cd539fb79d41b1;dc-api.twitter.com;20c4fa904f1b77fd5e65084838cdfb5a
twitter;26ce8ac42d61ce58f5cd539fb79d41b1;dc.glbtls.t.co;eb1d94daa7e0344597e756a1fb6e7054
twitter;26ce8ac42d61ce58f5cd539fb79d41b1;global.albtls.t.co;f4febc55ea12b31ae17cfb7e614afda8
twitter;26ce8ac42d61ce58f5cd539fb79d41b1;na.glbtls.t.co;eb1d94daa7e0344597e756a1fb6e7054
twitter;26ce8ac42d61ce58f5cd539fb79d41b1;pbs.twimg.com;15af977ce25de452b96affa2addb1036
twitter;26ce8ac42d61ce58f5cd539fb79d41b1;probe.twitter.com;182b31efa088c7665b13d7d04d80fef0
twitter;26ce8ac42d61ce58f5cd539fb79d41b1;probe.twitter.com;20c4fa904f1b77fd5e65084838cdfb5a
twitter;26ce8ac42d61ce58f5cd539fb79d41b1;video.twimg.com;15af977ce25de452b96affa2addb1036
twitter;26ce8ac42d61ce58f5cd539fb79d41b1;video.twimg.com;182b31efa088c7665b13d7d04d80fef0
twitter;2d57fb59c3109915b0e6ae4f8bebb0d8;t.co;20c4fa904f1b77fd5e65084838cdfb5a
twitter;351a6915dfcbb799069dd55312725a0c;t.co;896415616b22361262d7a961b6325cfd
twitter;604314d93041304bc5fb375f5cdd6115;t.co;4504e8d0495298feb931ec7e09f94bcc
twitter;64b52d9623da011578baa49cf8d044aa;t.co;182b31efa088c7665b13d7d04d80fef0
twitter;9b65958236eb02e604d3d9f783df94a1;t.co;4504e8d0495298feb931ec7e09f94bcc
twitter;a260116d928cb72d3af5adc1bc1b6518;t.co;7e2cc52c56f9520482ef0b6d7127a110
twitter;dc4dbd8dc1ed06eecf4d2e669ef6efd2;t.co;4504e8d0495298feb931ec7e09f94bcc
twitter;e0565dbbdf80b590f24c9f4e9d015a84;t.co;182b31efa088c7665b13d7d04d80fef0
twitter;ec531f668e94e25a037dfc9a1ec697dc;pbs.twimg.com;2253c82f03b621c5144709b393fde2c9
twitter;ec531f668e94e25a037dfc9a1ec697dc;video.twimg.com;2253c82f03b621c5144709b393fde2c9
windy;3d9a16cdc1b2a98f6046af1c833054b8;chats.windyapp.co;dc9ff9cb80b2eb8b6ccb2023c2c1a072
windy;7e76be77a8059ca9a9b17d04947e1ed5;cdn.windyapp.co;9ab8f8c869ad234d4025e882270a547a
windy;7e76be77a8059ca9a9b17d04947e1ed5;cdn.windyapp.co;be9bfea5f1d181599ac610af6f68544b
windy;7e76be77a8059ca9a9b17d04947e1ed5;chats.windyapp.co;b4c3e27547c7587b04aec849131230d5
windy;7e76be77a8059ca9a9b17d04947e1ed5;chats.windyapp.co;dc9ff9cb80b2eb8b6ccb2023c2c1a072
windy;7e76be77a8059ca9a9b17d04947e1ed5;s.windyapp.co;9ab8f8c869ad234d4025e882270a547a
windy;7e76be77a8059ca9a9b17d04947e1ed5;s.windyapp.co;be9bfea5f1d181599ac610af6f68544b
windy;7e76be77a8059ca9a9b17d04947e1ed5;spec-offers.windyapp.co;be9bfea5f1d181599ac610af6f68544b
windy;7e76be77a8059ca9a9b17d04947e1ed5;windyapp.co;1ea9f5ee48f642a7f190cfe16bc3de12
windy;7e76be77a8059ca9a9b17d04947e1ed5;windyapp.co;29fc1c462559a1f2a04ea579850cfb09
